Category,SubCategory,English Keyword,Chinese Keyword
Impact,General,Hit,撞击
Impact,General,Impact,冲击
Impact,General,Thud,闷响
Impact,General,Smash,粉碎
Impact,General,Crash,碰撞/坠毁
Impact,General,Punch,重击/挥拳
Impact,General,Kick,踢
Impact,General,Slap,拍打/耳光
Impact,General,Bodyfall,倒地
Impact,Material,Metal,金属
Impact,Material,Wood,木头
Impact,Material,Glass,玻璃
Impact,Material,Plastic,塑料
Impact,Material,Concrete,混凝土
Impact,Material,Flesh,肉体
Impact,Material,Rock,岩石
Movement,General,Whoosh,呼啸/嗖声
Movement,General,Swoosh,飞掠声
Movement,General,Swish,挥动声
Movement,General,Pass by,飞驰而过
Movement,General,Flyby,飞越
Movement,General,Doppler,多普勒效应
Movement,Foley,Footsteps,脚步
Movement,Foley,Rustle,沙沙声/摩擦声
Movement,Foley,Cloth,布料
Movement,Foley,Slide,滑动
Movement,Foley,Scrape,刮擦
Movement,Foley,Drag,拖拽
Movement,Foley,Creak,嘎吱声
Movement,Foley,Rattle,咔嗒声/震动声
Movement,Foley,Shake,摇晃
Movement,Foley,Drop,掉落
Nature,Water,Water,水
Nature,Water,Splash,溅水
Nature,Water,Drip,滴水
Nature,Water,Flow,流动
Nature,Water,Pour,倾倒
Nature,Water,Bubble,气泡
Nature,Water,Underwater,水下
Nature,Water,Submerge,潜入
Nature,Wind,Wind,风
Nature,Wind,Breeze,微风
Nature,Wind,Gust,阵风
Nature,Wind,Howl,风啸
Nature,Wind,Draft,气流
Nature,Fire,Fire,火
Nature,Fire,Burn,燃烧
Nature,Fire,Flame,火焰
Nature,Fire,Ignite,点火
Nature,Fire,Burst,爆发
Nature,Fire,Crackle,爆裂声
Nature,Weather,Rain,雨
Nature,Weather,Thunder,雷
Nature,Weather,Lightning,闪电
Nature,Weather,Storm,风暴
Sci-Fi,General,Sci-Fi,科幻
Sci-Fi,General,Laser,激光
Sci-Fi,General,Plasma,等离子
Sci-Fi,General,Energy,能量
Sci-Fi,General,Power Up,充能
Sci-Fi,General,Power Down,关机/能量耗尽
Sci-Fi,General,Teleport,传送
Sci-Fi,General,Force Field,力场
Sci-Fi,General,Droid,机器人
Sci-Fi,General,Servo,伺服电机
Sci-Fi,General,Transformation,变形
Sci-Fi,General,Scanner,扫描
UI,General,UI,用户界面
UI,General,Click,点击
UI,General,Select,选择
UI,General,Confirm,确认
UI,General,Cancel,取消
UI,General,Back,返回
UI,General,Error,错误
UI,General,Deny,拒绝
UI,General,Beep,哔声
UI,General,Blip,短促信号音
UI,General,Glitch,故障/毛刺
UI,General,Static,静电/噪点
UI,General,Notification,通知
UI,General,Alert,警报
UI,General,Pop,气泡弹窗音
UI,General,Swipe,滑屏
Weapons,General,Gun,枪
Weapons,General,Shot,射击
Weapons,General,Fire,开火
Weapons,General,Reload,换弹
Weapons,General,Shell,弹壳
Weapons,General,Bullet,子弹
Weapons,General,Ricochet,跳弹
Weapons,General,Explosion,爆炸
Weapons,General,Blast,爆破
Weapons,General,Debris,碎片/残骸
Weapons,Melee,Sword,剑
Weapons,Melee,Knife,刀
Weapons,Melee,Dagger,匕首
Weapons,Melee,Sheath,入鞘
Weapons,Melee,Unsheath,出鞘
Weapons,Melee,Swing,挥舞
Vehicles,General,Car,汽车
Vehicles,General,Engine,引擎
Vehicles,General,Start,启动
Vehicles,General,Idle,怠速
Vehicles,General,Rev,轰油门
Vehicles,General,Accelerate,加速
Vehicles,General,Brake,刹车
Vehicles,General,Skid,打滑/漂移
Vehicles,General,Door,车门
Vehicles,General,Horn,喇叭
Vehicles,General,Siren,警笛
Vehicles,General,Tire,轮胎
Creature,General,Creature,生物/怪物
Creature,General,Growl,低吼
Creature,General,Roar,咆哮
Creature,General,Screech,尖叫
Creature,General,Snarl,龇牙低鸣
Creature,General,Breath,呼吸
Creature,General,Hiss,嘶嘶声
Creature,General,Chomp,咀嚼/咬合
Creature,General,Slime,粘液
Ambience,General,Ambience,环境音
Ambience,General,Room Tone,房间底噪
Ambience,General,City,城市
Ambience,General,Forest,森林
Ambience,General,Traffic,交通
Ambience,General,Crowd,人群
Ambience,General,Applause,掌声
Ambience,General,Cheer,欢呼
Ambience,General,Laugh,笑声
Ambience,General,Scream,尖叫
Musical,General,Drone,长音/低鸣
Musical,General,Stinger,突发音效
Musical,General,Riser,上升音效
Musical,General,Hit,打击乐重音
Musical,General,Impact,重击
Musical,General,Bass,低音
Musical,General,Synth,合成器
Technical,Audio,Distortion,失真
Technical,Audio,Feedback,反馈/啸叫
Technical,Audio,Noise,噪音
Technical,Audio,Silence,静音
Technical,Audio,Loop,循环
Technical,Audio,Stereo,立体声
Technical,Audio,Mono,单声道
Texture,General,Airy,空灵/透气
Texture,General,Boomy,嗡嗡作响/低沉
Texture,General,Bright,明亮
Texture,General,Brittle,易碎/脆
Texture,General,Buzz,滋滋声
Texture,General,Chirp,啾啾声/短促高音
Texture,General,Clicky,咔哒感
Texture,General,Crunchy,嘎嘣脆/粗糙
Texture,General,Damp,潮湿/闷
Texture,General,Dark,黑暗/阴沉
Texture,General,Deep,深沉
Texture,General,Dense,密集/厚重
Texture,General,Dirty,脏/失真
Texture,General,Dry,干
Texture,General,Dull,沉闷/钝
Texture,General,Echo,回声
Texture,General,Empty,空旷
Texture,General,Fast,快速
Texture,General,Fat,肥厚/饱满
Texture,General,Flat,平坦/无力
Texture,General,Flutter,颤动
Texture,General,Full,饱满
Texture,General,Glitchy,故障感
Texture,General,Grainy,颗粒感
Texture,General,Gritty,砂砾感/粗粝
Texture,General,Harsh,刺耳
Texture,General,Heavy,沉重
Texture,General,High,高频
Texture,General,Hollow,空洞
Texture,General,Light,轻盈
Texture,General,Low,低频
Texture,General,Metallic,金属感
Texture,General,Muffled,捂住/模糊
Texture,General,Narrow,窄/单薄
Texture,General,Noisy,嘈杂
Texture,General,Piercing,穿透/尖锐
Texture,General,Pulsing,脉冲/搏动
Texture,General,Punchy,有力/冲击感强
Texture,General,Quiet,安静
Texture,General,Rapid,急促
Texture,General,Resonant,共鸣
Texture,General,Rich,丰富
Texture,General,Ringing,振铃/余音
Texture,General,Rough,粗糙
Texture,General,Rumble,隆隆声
Texture,General,Sharp,锋利/尖锐
Texture,General,Shimmer,闪烁/微光感
Texture,General,Short,短促
Texture,General,Slow,缓慢
Texture,General,Smooth,平滑
Texture,General,Soft,柔软
Texture,General,Solid,结实
Texture,General,Spacey,空间感/迷幻
Texture,General,Squeaky,吱吱作响
Texture,General,Sticky,粘稠
Texture,General,Stutter,口吃/断续
Texture,General,Sweet,甜美
Texture,General,Thick,厚
Texture,General,Thin,薄
Texture,General,Tight,紧致
Texture,General,Tonal,有调性
Texture,General,Tremolo,颤音
Texture,General,Warm,温暖
Texture,General,Warped,扭曲
Texture,General,Wet,湿润
Texture,General,Wide,宽广
Texture,General,Wobble,摇摆/低频震荡
Domestic,Bathroom,Bath,浴缸
Domestic,Bathroom,Flush,冲水
Domestic,Bathroom,Shower,淋浴
Domestic,Bathroom,Sink,水槽
Domestic,Bathroom,Soap,肥皂
Domestic,Bathroom,Toilet,马桶
Domestic,Bathroom,Toothbrush,牙刷
Domestic,Bathroom,Towel,毛巾
Domestic,Kitchen,Blender,搅拌机
Domestic,Kitchen,Boil,煮沸
Domestic,Kitchen,Bottle,瓶子
Domestic,Kitchen,Bowl,碗
Domestic,Kitchen,Can,罐头
Domestic,Kitchen,Chop,切菜
Domestic,Kitchen,Coffee,咖啡
Domestic,Kitchen,Cooking,烹饪
Domestic,Kitchen,Cork,软木塞
Domestic,Kitchen,Cup,杯子
Domestic,Kitchen,Cutlery,餐具
Domestic,Kitchen,Dish,盘子
Domestic,Kitchen,Dishwasher,洗碗机
Domestic,Kitchen,Fizz,嘶嘶起泡
Domestic,Kitchen,Fork,叉子
Domestic,Kitchen,Fridge,冰箱
Domestic,Kitchen,Fry,煎炸
Domestic,Kitchen,Glass,玻璃杯
Domestic,Kitchen,Grind,研磨
Domestic,Kitchen,Ice,冰块
Domestic,Kitchen,Kettle,水壶
Domestic,Kitchen,Knife,餐刀
Domestic,Kitchen,Microwave,微波炉
Domestic,Kitchen,Mixer,搅拌器
Domestic,Kitchen,Mug,马克杯
Domestic,Kitchen,Oven,烤箱
Domestic,Kitchen,Pan,平底锅
Domestic,Kitchen,Plate,餐盘
Domestic,Kitchen,Pot,锅
Domestic,Kitchen,Refrigerator,冷藏箱
Domestic,Kitchen,Sizzle,滋滋声(油炸)
Domestic,Kitchen,Spoon,勺子
Domestic,Kitchen,Steam,蒸汽
Domestic,Kitchen,Stove,炉灶
Domestic,Kitchen,Tea,茶
Domestic,Kitchen,Timer,计时器
Domestic,Kitchen,Toast,烤面包
Domestic,Kitchen,Toaster,烤面包机
Domestic,LivingRoom,Air Conditioner,空调
Domestic,LivingRoom,Alarm,闹钟
Domestic,LivingRoom,Bed,床
Domestic,LivingRoom,Blanket,毯子
Domestic,LivingRoom,Blind,百叶窗
Domestic,LivingRoom,Box,盒子
Domestic,LivingRoom,Broom,扫帚
Domestic,LivingRoom,Cabinet,柜子
Domestic,LivingRoom,Carpet,地毯
Domestic,LivingRoom,Chair,椅子
Domestic,LivingRoom,Clock,时钟
Domestic,LivingRoom,Closet,衣橱
Domestic,LivingRoom,Curtain,窗帘
Domestic,LivingRoom,Doorbell,门铃
Domestic,LivingRoom,Drawer,抽屉
Domestic,LivingRoom,Fan,风扇
Domestic,LivingRoom,Furniture,家具
Domestic,LivingRoom,Heater,加热器
Domestic,LivingRoom,Key,钥匙
Domestic,LivingRoom,Lamp,灯
Domestic,LivingRoom,Light Switch,灯开关
Domestic,LivingRoom,Lock,锁
Domestic,LivingRoom,Mirror,镜子
Domestic,LivingRoom,Phone,电话
Domestic,LivingRoom,Pillow,枕头
Domestic,LivingRoom,Radio,收音机
Domestic,LivingRoom,Sofa,沙发
Domestic,LivingRoom,Switch,开关
Domestic,LivingRoom,Table,桌子
Domestic,LivingRoom,Television,电视
Domestic,LivingRoom,Vacuum,吸尘器
Domestic,LivingRoom,Vase,花瓶
Domestic,LivingRoom,Window,窗户
Domestic,Office,Book,书
Domestic,Office,Calculator,计算器
Domestic,Office,Keyboard,键盘
Domestic,Office,Marker,记号笔
Domestic,Office,Mouse,鼠标
Domestic,Office,Page Turn,翻页
Domestic,Office,Paper,纸
Domestic,Office,Pen,钢笔
Domestic,Office,Pencil,铅笔
Domestic,Office,Printer,打印机
Domestic,Office,Scanner,扫描仪
Domestic,Office,Scissors,剪刀
Domestic,Office,Stapler,订书机
Domestic,Office,Tape,胶带
Domestic,Utility,Battery,电池
Domestic,Utility,Drill,电钻
Domestic,Utility,Hammer,锤子
Domestic,Utility,Ladder,梯子
Domestic,Utility,Match,火柴
Domestic,Utility,Nail,钉子
Domestic,Utility,Plier,钳子
Domestic,Utility,Saw,锯子
Domestic,Utility,Screw,螺丝
Domestic,Utility,Screwdriver,螺丝刀
Domestic,Utility,Tool,工具
Domestic,Utility,Torch,手电筒/火把
Domestic,Utility,Washing Machine,洗衣机
Domestic,Utility,Wrench,扳手
Magic,General,Absorb,吸收
Magic,General,Arcane,奥术
Magic,General,Aura,光环
Magic,General,Beam,光束
Magic,General,Blessing,祝福
Magic,General,Buff,增益
Magic,General,Cast,施法
Magic,General,Chant,吟唱
Magic,General,Charm,魅惑
Magic,General,Conjure,召唤/变戏法
Magic,General,Crystal,水晶
Magic,General,Curse,诅咒
Magic,General,Darkness,黑暗
Magic,General,Debuff,减益
Magic,General,Dispel,驱散
Magic,General,Divine,神圣
Magic,General,Dust,魔法粉尘
Magic,General,Elemental,元素
Magic,General,Enchant,附魔
Magic,General,Ethereal,虚无/灵体
Magic,General,Evil,邪恶
Magic,General,Fairy,精灵/仙子
Magic,General,Ghost,鬼魂
Magic,General,Glow,发光
Magic,General,Heal,治疗
Magic,General,Holy,神圣
Magic,General,Ice,冰
Magic,General,Illusion,幻象
Magic,General,Mana,法力
Magic,General,Necromancy,死灵法术
Magic,General,Orb,法球
Magic,General,Poison,毒药
Magic,General,Polymorph,变形术
Magic,General,Potion,药水
Magic,General,Psychic,心灵感应
Magic,General,Revival,复活
Magic,General,Ritual,仪式
Magic,General,Rune,符文
Magic,General,Shadow,暗影
Magic,General,Shine,闪耀
Magic,General,Soul,灵魂
Magic,General,Sparkle,火花/闪烁
Magic,General,Spell,咒语
Magic,General,Spirit,精神/灵体
Magic,General,Summon,召唤
Magic,General,Telekinesis,念力
Magic,General,Teleport,传送
Magic,General,Totem,图腾
Magic,General,Vanish,消失
Magic,General,Wand,魔杖
Magic,General,Ward,结界/守卫
Magic,General,Whimsy,奇幻/怪诞
Magic,General,Wisp,鬼火/小精灵
Magic,General,Witch,女巫
Magic,General,Wizard,巫师
Magic,General,Zap,滋/电击
Industrial,General,Factory,工厂
Industrial,General,Industrial,工业
Industrial,General,Machine,机器
Industrial,General,Machinery,机械装置
Industrial,General,Mechanism,由于/机制
Industrial,General,Processing,加工
Industrial,General,Production,生产
Industrial,General,Warehouse,仓库
Industrial,Components,Bearing,轴承
Industrial,Components,Belt,皮带
Industrial,Components,Chain,链条
Industrial,Components,Cog,齿轮(小)
Industrial,Components,Compressor,压缩机
Industrial,Components,Conveyor,传送带
Industrial,Components,Crane,起重机
Industrial,Components,Cylinder,气缸
Industrial,Components,Engine,引擎
Industrial,Components,Fan,风扇/排气扇
Industrial,Components,Gear,齿轮
Industrial,Components,Generator,发电机
Industrial,Components,Hydraulic,液压
Industrial,Components,Lever,杠杆/拉杆
Industrial,Components,Motor,马达
Industrial,Components,Piston,活塞
Industrial,Components,Pneumatic,气动
Industrial,Components,Pump,泵
Industrial,Components,Pulley,滑轮
Industrial,Components,Ratchet,棘轮
Industrial,Components,Robot Arm,机械臂
Industrial,Components,Rotor,转子
Industrial,Components,Servo,伺服电机
Industrial,Components,Spring,弹簧
Industrial,Components,Steam,蒸汽
Industrial,Components,Switch,开关
Industrial,Components,Tank,储罐
Industrial,Components,Turbine,涡轮
Industrial,Components,Valve,阀门
Industrial,Components,Vent,通风口
Industrial,Construction,Bulldozer,推土机
Industrial,Construction,Cement,水泥
Industrial,Construction,Chainsaw,电锯
Industrial,Construction,Construction,建筑施工
Industrial,Construction,Demolition,拆除
Industrial,Construction,Dig,挖掘
Industrial,Construction,Drill,钻孔
Industrial,Construction,Excavator,挖掘机
Industrial,Construction,Forklift,叉车
Industrial,Construction,Hammer,锤击
Industrial,Construction,Jackhammer,风钻/手持凿岩机
Industrial,Construction,Lift,升降机
Industrial,Construction,Metal Work,金属加工
Industrial,Construction,Nail Gun,钉枪
Industrial,Construction,Pile Driver,打桩机
Industrial,Construction,Sander,打磨机
Industrial,Construction,Saw,锯
Industrial,Construction,Scaffolding,脚手架
Industrial,Construction,Shovel,铲子
Industrial,Construction,Welding,焊接
Industrial,Action,Activate,激活
Industrial,Action,Breakdown,故障/损坏
Industrial,Action,Clank,当啷声
Industrial,Action,Clunk,沉闷金属声
Industrial,Action,Deactivate,停用
Industrial,Action,Grind,研磨/碾压
Industrial,Action,Hiss,嘶嘶声(泄气)
Industrial,Action,Hum,嗡嗡声
Industrial,Action,Lock,锁定
Industrial,Action,Loop,循环运行
Industrial,Action,Malfunction,失灵
Industrial,Action,Overload,过载
Industrial,Action,Power Down,断电
Industrial,Action,Power Up,通电
Industrial,Action,Process,处理中
Industrial,Action,Rattle,震动声
Industrial,Action,Release,释放
Industrial,Action,Rotate,旋转
Industrial,Action,Rumble,隆隆声
Industrial,Action,Shutdown,关机
Industrial,Action,Spark,火花
Industrial,Action,Spin,转动
Industrial,Action,Squeal,尖叫声(摩擦)
Industrial,Action,Start,启动
Industrial,Action,Stop,停止
Industrial,Action,Unlock,解锁
Industrial,Action,Vibrate,振动
Industrial,Action,Whir,呼呼声(旋转)
Horror,General,Creepy,令人毛骨悚然
Horror,General,Dark,黑暗
Horror,General,Eerie,怪诞/阴森
Horror,General,Evil,邪恶
Horror,General,Fright,惊吓
Horror,General,Haunted,闹鬼
Horror,General,Horror,恐怖
Horror,General,Jump Scare,突发惊吓
Horror,General,Nightmare,噩梦
Horror,General,Panic,恐慌
Horror,General,Paranormal,超自然
Horror,General,Scary,吓人
Horror,General,Suspense,悬疑
Horror,General,Tension,紧张感
Horror,General,Terror,恐惧
Horror,Gore,Bite,咬
Horror,Gore,Blood,血液
Horror,Gore,Bone,骨头
Horror,Gore,Break,折断
Horror,Gore,Choke,窒息/卡住
Horror,Gore,Chop,剁
Horror,Gore,Crack,破裂声
Horror,Gore,Crunch,嘎吱碎裂
Horror,Gore,Crush,压碎
Horror,Gore,Cut,切割
Horror,Gore,Decapitate,斩首
Horror,Gore,Dismember,肢解
Horror,Gore,Drag,拖拽(尸体)
Horror,Gore,Drip,滴血
Horror,Gore,Flesh,肉体
Horror,Gore,Gore,血腥/凝块
Horror,Gore,Gush,喷涌
Horror,Gore,Gut,内脏
Horror,Gore,Heartbeat,心跳
Horror,Gore,Hit,重击
Horror,Gore,Impale,刺穿
Horror,Gore,Mutilate,残害
Horror,Gore,Pierce,穿刺
Horror,Gore,Pulsate,搏动
Horror,Gore,Rip,撕裂
Horror,Gore,Sever,切断
Horror,Gore,Slash,猛砍
Horror,Gore,Slice,切片
Horror,Gore,Snap,折断(脆响)
Horror,Gore,Spill,泼洒
Horror,Gore,Splatter,飞溅
Horror,Gore,Squelch,吧唧声(粘稠)
Horror,Gore,Squish,挤压声
Horror,Gore,Stab,刺
Horror,Gore,Strangle,勒死
Horror,Gore,Tear,撕扯
Horror,Gore,Vein,静脉
Horror,Creature,Alien,异形
Horror,Creature,Bat,蝙蝠
Horror,Creature,Beast,野兽
Horror,Creature,Breath,呼吸(沉重)
Horror,Creature,Demon,恶魔
Horror,Creature,Devil,魔鬼
Horror,Creature,Ghost,鬼魂
Horror,Creature,Ghoul,食尸鬼
Horror,Creature,Goblin,哥布林
Horror,Creature,Growl,低吼
Horror,Creature,Howl,嚎叫
Horror,Creature,Laugh,笑声(邪恶)
Horror,Creature,Moan,呻吟
Horror,Creature,Monster,怪物
Horror,Creature,Mummy,木乃伊
Horror,Creature,Poltergeist,骚灵
Horror,Creature,Possessed,附身
Horror,Creature,Roar,咆哮
Horror,Creature,Scream,尖叫
Horror,Creature,Shriek,尖啸
Horror,Creature,Skeleton,骷髅
Horror,Creature,Snarl,龇牙
Horror,Creature,Spirit,灵体
Horror,Creature,Vampire,吸血鬼
Horror,Creature,Werewolf,狼人
Horror,Creature,Whisper,低语
Horror,Creature,Witch,女巫
Horror,Creature,Zombie,丧尸
Horror,Ambience,Atmosphere,氛围
Horror,Ambience,Cave,洞穴
Horror,Ambience,Cemetery,墓地
Horror,Ambience,Choir,合唱(诡异)
Horror,Ambience,Church,教堂
Horror,Ambience,Crypt,地穴
Horror,Ambience,Drone,低鸣
Horror,Ambience,Dungeon,地牢
Horror,Ambience,Forest,森林(恐怖)
Horror,Ambience,Graveyard,坟场
Horror,Ambience,Hospital,医院(废弃)
Horror,Ambience,Laboratory,实验室
Horror,Ambience,Metal Creak,金属嘎吱声
Horror,Ambience,Rain,雨(阴森)
Horror,Ambience,Riser,上升音(惊悚)
Horror,Ambience,Stinger,突发音(吓人)
Horror,Ambience,Storm,风暴
Horror,Ambience,Thunder,雷声
Horror,Ambience,Wind,风(呼啸)
Horror,Ambience,Wood Creak,木头嘎吱声
Impact,Material,Asphalt,沥青
Impact,Material,Brick,砖块
Impact,Material,Cardboard,纸板
Impact,Material,Ceramic,陶瓷
Impact,Material,Dirt,泥土/尘土
Impact,Material,Fabric,织物
Impact,Material,Foliage,枝叶/植被
Impact,Material,Gravel,碎石/砂砾
Impact,Material,Leather,皮革
Impact,Material,Linoleum,油毡/地板革
Impact,Material,Marble,大理石
Impact,Material,Mud,泥浆
Impact,Material,Paper,纸张
Impact,Material,Porcelain,瓷器
Impact,Material,Rubber,橡胶
Impact,Material,Sand,沙子
Impact,Material,Snow,雪
Impact,Material,Tile,瓷砖
Impact,Material,Tin,锡/薄金属
Impact,Action,Bounce,反弹
Impact,Action,Crumble,崩塌/碎裂
Impact,Action,Dud,哑弹/闷响
Impact,Action,Glance,擦过/掠过
Impact,Action,Ricochet,跳弹/反弹
Impact,Action,Shatter,粉碎(玻璃/陶瓷)
Impact,Action,Splinter,裂片(木头)
Movement,Action,Climb,攀爬
Movement,Action,Crawl,爬行
Movement,Action,Dive,潜水/俯冲
Movement,Action,Fall,跌落
Movement,Action,Flap,拍打(翅膀/布料)
Movement,Action,Flick,轻弹
Movement,Action,Glide,滑翔
Movement,Action,Grab,抓取
Movement,Action,Jump,跳跃
Movement,Action,Land,着陆/落地
Movement,Action,Roll,滚动
Movement,Action,Run,奔跑
Movement,Action,Scramble,手脚并用/攀爬
Movement,Action,Scurry,急促跑动(小生物)
Movement,Action,Shuffle,拖着脚走/洗牌
Movement,Action,Spin,旋转
Movement,Action,Sprint,冲刺
Movement,Action,Swim,游泳
Movement,Action,Swing,摆动
Movement,Action,Throw,投掷
Movement,Action,Tiptoe,踮脚尖
Movement,Action,Walk,行走
Nature,Environment,Beach,海滩
Nature,Environment,Canyon,峡谷
Nature,Environment,Cave,洞穴
Nature,Environment,Desert,沙漠
Nature,Environment,Jungle,丛林
Nature,Environment,Mountain,山脉
Nature,Environment,Ocean,海洋
Nature,Environment,River,河流
Nature,Environment,Stream,溪流
Nature,Environment,Swamp,沼泽
Nature,Environment,Valley,山谷
Nature,Weather,Blizzard,暴风雪
Nature,Weather,Fog,雾(环境音)
Nature,Weather,Hail,冰雹
Nature,Weather,Hurricane,飓风
Nature,Weather,Snowstorm,雪暴
Nature,Weather,Tornado,龙卷风
Nature,Liquid,Torrent,急流
Nature,Liquid,Trickle,细流
Nature,Liquid,Waterfall,瀑布
Nature,Liquid,Wave,波浪
Sci-Fi,Tech,Alarm,警报(科幻)
Sci-Fi,Tech,Computer,电脑主机
Sci-Fi,Tech,Cyborg,生化人
Sci-Fi,Tech,Data,数据流
Sci-Fi,Tech,Docking,对接
Sci-Fi,Tech,Drone,无人机
Sci-Fi,Tech,Hologram,全息图
Sci-Fi,Tech,Hyperdrive,超空间引擎
Sci-Fi,Tech,Interface,接口
Sci-Fi,Tech,Malfunction,故障
Sci-Fi,Tech,Nanobot,纳米机器人
Sci-Fi,Tech,Reactor,反应堆
Sci-Fi,Tech,Shield,护盾
Sci-Fi,Tech,Spaceship,飞船
Sci-Fi,Tech,Telemetry,遥测信号
Sci-Fi,Tech,Thruster,推进器
Sci-Fi,Tech,Warp,跃迁
UI,Interaction,Close,关闭
UI,Interaction,Decrease,减少
UI,Interaction,Drag,拖动
UI,Interaction,Drop,放下
UI,Interaction,Equip,装备
UI,Interaction,Fail,失败
UI,Interaction,Hover,悬停
UI,Interaction,Increase,增加
UI,Interaction,Level Up,升级
UI,Interaction,Login,登录
UI,Interaction,Logout,登出
UI,Interaction,Menu,菜单
UI,Interaction,Message,消息
UI,Interaction,Minimize,最小化
UI,Interaction,Maximize,最大化
UI,Interaction,Open,打开
UI,Interaction,Pause,暂停
UI,Interaction,Play,播放
UI,Interaction,Purchase,购买
UI,Interaction,Save,保存
UI,Interaction,Scroll,滚动
UI,Interaction,Success,成功
UI,Interaction,Toggle,切换开关
UI,Interaction,Typing,打字/字幕显示
UI,Interaction,Upgrade,强化
Weapons,Firearm,Assault Rifle,突击步枪
Weapons,Firearm,Automatic,全自动
Weapons,Firearm,Bolt Action,栓动
Weapons,Firearm,Cannon,加农炮
Weapons,Firearm,Clip,弹夹(老式)
Weapons,Firearm,Cocking,上膛
Weapons,Firearm,Dry Fire,空枪/击空
Weapons,Firearm,Handling,操作/拿取
Weapons,Firearm,Holster,收枪/入套
Weapons,Firearm,Machine Gun,机枪
Weapons,Firearm,Magazine,弹匣
Weapons,Firearm,Pistol,手枪
Weapons,Firearm,Pump Action,泵动
Weapons,Firearm,Revolver,左轮手枪
Weapons,Firearm,Rifle,步枪
Weapons,Firearm,Safety,保险开关
Weapons,Firearm,Semi-Auto,半自动
Weapons,Firearm,Shotgun,散弹枪
Weapons,Firearm,Silencer,消音器
Weapons,Firearm,Sniper,狙击枪
Weapons,Firearm,Suppressor,抑制器
Weapons,Firearm,Trigger,扳机
Weapons,Explosive,C4,塑胶炸药
Weapons,Explosive,Detonate,引爆
Weapons,Explosive,Fuse,引信/导火索
Weapons,Explosive,Grenade,手榴弹
Weapons,Explosive,Mine,地雷
Weapons,Explosive,Missile,导弹
Weapons,Explosive,Rocket,火箭
Weapons,Explosive,Shrapnel,弹片
Weapons,Explosive,Timer,定时器
Vehicles,Type,Airplane,飞机
Vehicles,Type,Ambulance,救护车
Vehicles,Type,Bicycle,自行车
Vehicles,Type,Bike,单车/摩托
Vehicles,Type,Boat,船
Vehicles,Type,Bus,公交车
Vehicles,Type,Chopper,直升机(俗称)
Vehicles,Type,Fire Truck,消防车
Vehicles,Type,Helicopter,直升机
Vehicles,Type,Jet,喷气机
Vehicles,Type,Lorry,卡车(英式)
Vehicles,Type,Motorcycle,摩托车
Vehicles,Type,Plane,飞机
Vehicles,Type,Police Car,警车
Vehicles,Type,Race Car,赛车
Vehicles,Type,Ship,轮船
Vehicles,Type,Space Shuttle,航天飞机
Vehicles,Type,Submarine,潜水艇
Vehicles,Type,Subway,地铁
Vehicles,Type,Tank,坦克
Vehicles,Type,Train,火车
Vehicles,Type,Tram,有轨电车
Vehicles,Type,Truck,卡车
Vehicles,Type,Van,货车/面包车
Vehicles,Part,Gearshift,换挡
Vehicles,Part,Handbrake,手刹
Vehicles,Part,Hood,引擎盖
Vehicles,Part,Indicator,转向灯
Vehicles,Part,Seatbelt,安全带
Vehicles,Part,Trunk,后备箱
Vehicles,Part,Wiper,雨刮器
Vehicles,Action,Depart,出发/离开
Vehicles,Action,Drive By,驶过
Vehicles,Action,Honk,鸣笛
Vehicles,Action,Land,降落
Vehicles,Action,Takeoff,起飞
Vehicles,Action,Taxi,滑行
Ambience,Public,Airport,机场
Ambience,Public,Bar,酒吧
Ambience,Public,Cafeteria,自助餐厅
Ambience,Public,Casino,赌场
Ambience,Public,Construction Site,建筑工地
Ambience,Public,Farm,农场
Ambience,Public,Gym,健身房
Ambience,Public,Harbor,港口
Ambience,Public,Library,图书馆
Ambience,Public,Market,市场
Ambience,Public,Museum,博物馆
Ambience,Public,Office,办公室
Ambience,Public,Park,公园
Ambience,Public,Playground,游乐场
Ambience,Public,Restaurant,餐厅
Ambience,Public,School,学校
Ambience,Public,Stadium,体育场
Ambience,Public,Station,车站
Ambience,Public,Street,街道
Ambience,Public,Supermarket,超市
Foley,Item,Aerosol,喷雾剂
Foley,Item,Bag,包/袋子
Foley,Item,Balloon,气球
Foley,Item,Bell,铃铛
Foley,Item,Book,书本
Foley,Item,Bottle Cap,瓶盖
Foley,Item,Box,盒子/箱子
Foley,Item,Bubble Wrap,气泡膜
Foley,Item,Bucket,水桶
Foley,Item,Camera,相机
Foley,Item,Card,卡片
Foley,Item,Cash,现金
Foley,Item,Chain Link,铁丝网/链环
Foley,Item,Chalk,粉笔
Foley,Item,Cigarette,香烟
Foley,Item,Coin,硬币
Foley,Item,Cork,软木塞
Foley,Item,Credit Card,信用卡
Foley,Item,Dice,骰子
Foley,Item,Glove,手套
Foley,Item,Jewelry,珠宝/首饰
Foley,Item,Key,钥匙
Foley,Item,Lighter,打火机
Foley,Item,Marble,弹珠
Foley,Item,Money,钱
Foley,Item,Paper Bag,纸袋
Foley,Item,Pen Click,按笔声
Foley,Item,Phone,手机
Foley,Item,Plastic Bag,塑料袋
Foley,Item,Purse,手提包
Foley,Item,Rope,绳子
Foley,Item,Rubber Band,橡皮筋
Foley,Item,Suitcase,行李箱
Foley,Item,Tape,胶带
Foley,Item,Toy,玩具
Foley,Item,Umbrella,雨伞
Foley,Item,Velcro,魔术贴
Foley,Item,Wallet,钱包
Foley,Item,Whistle,口哨
Foley,Item,Zipper,拉链
Impact,Nuance,Bang,砰/猛击
Impact,Nuance,Bash,重击
Impact,Nuance,Batter,连续猛打
Impact,Nuance,Bonk,敲头声/闷响
Impact,Nuance,Bump,碰撞/颠簸
Impact,Nuance,Clang,当/金属撞击声
Impact,Nuance,Clatter,哗啦声/物体散落
Impact,Nuance,Clip,夹住/修剪
Impact,Nuance,Collide,相撞
Impact,Nuance,Dent,凹陷声
Impact,Nuance,Ding,叮/清脆声
Impact,Nuance,Knock,敲击
Impact,Nuance,Pound,锤击/捣碎
Impact,Nuance,Rap,急敲
Impact,Nuance,Slam,猛关/摔门
Impact,Nuance,Smack,啪/掌掴声
Impact,Nuance,Snap,折断/响指
Impact,Nuance,Strike,打击
Impact,Nuance,Tap,轻敲
Impact,Nuance,Thump,重击/扑通声
Impact,Nuance,Wallop,猛揍
Impact,Nuance,Whack,重打
Nature,Water_Action,Boil,沸腾
Nature,Water_Action,Bubble,气泡
Nature,Water_Action,Drain,排水
Nature,Water_Action,Drizzle,毛毛雨
Nature,Water_Action,Gurgle,咕噜声
Nature,Water_Action,Plunge,投入水中
Nature,Water_Action,Ripple,涟漪
Nature,Water_Action,Slosh,晃动/溅泼
Nature,Water_Action,Soak,浸泡
Nature,Water_Action,Spray,喷洒
Nature,Water_Action,Sprinkler,洒水器
Nature,Water_Action,Squirt,喷射
Nature,Water_Action,Surge,浪涌/汹涌
Nature,Water_Action,Swirl,漩涡
Nature,Water_Action,Wash,冲刷
Nature,Fire_Detail,Bonfire,篝火
Nature,Fire_Detail,Burner,燃烧器
Nature,Fire_Detail,Campfire,营火
Nature,Fire_Detail,Ember,余烬
Nature,Fire_Detail,Fireball,火球
Nature,Fire_Detail,Fireplace,壁炉
Nature,Fire_Detail,Flare,信号弹/耀斑
Nature,Fire_Detail,Inferno,烈火
Nature,Fire_Detail,Match,火柴
Nature,Fire_Detail,Scorch,烧焦
Nature,Fire_Detail,Searing,灼烧
Nature,Fire_Detail,Smoke,烟雾
Nature,Fire_Detail,Sparkler,烟花棒
Nature,Fire_Detail,Torch,火把
Weapons,Melee_Specific,Axe,斧头
Weapons,Melee_Specific,Bat,球棒
Weapons,Melee_Specific,Block,格挡
Weapons,Melee_Specific,Blunt,钝器
Weapons,Melee_Specific,Club,棍棒
Weapons,Melee_Specific,Crowbar,撬棍
Weapons,Melee_Specific,Fist,拳头
Weapons,Melee_Specific,Hammer,战锤
Weapons,Melee_Specific,Katana,武士刀
Weapons,Melee_Specific,Machete,砍刀
Weapons,Melee_Specific,Parry,招架
Weapons,Melee_Specific,Shield,盾牌
Weapons,Melee_Specific,Spear,长矛
Weapons,Melee_Specific,Staff,法杖/长棍
Weapons,Melee_Specific,Whip,鞭子
Weapons,Archery,Arrow,箭
Weapons,Archery,Bow,弓
Weapons,Archery,Crossbow,弩
Weapons,Archery,Draw,拉弓
Weapons,Archery,Feather,箭羽声
Weapons,Archery,Fletching,尾羽摩擦
Weapons,Archery,Quiver,箭袋
Weapons,Archery,Release,释放(射箭)
Weapons,Archery,String,弓弦
Weapons,Archery,Target,靶子
Sci-Fi,Digital,Access,访问
Sci-Fi,Digital,Analyze,分析
Sci-Fi,Digital,Calculate,计算
Sci-Fi,Digital,Communication,通讯
Sci-Fi,Digital,Decrypt,解密
Sci-Fi,Digital,Denied,拒绝(访问)
Sci-Fi,Digital,Download,下载
Sci-Fi,Digital,Encrypt,加密
Sci-Fi,Digital,Granted,许可(访问)
Sci-Fi,Digital,Grid,网格
Sci-Fi,Digital,Hacking,黑客攻击
Sci-Fi,Digital,HUD,抬头显示器
Sci-Fi,Digital,Initialize,初始化
Sci-Fi,Digital,Loading,加载中
Sci-Fi,Digital,Matrix,矩阵
Sci-Fi,Digital,Noise,噪点
Sci-Fi,Digital,Offline,离线
Sci-Fi,Digital,Online,在线
Sci-Fi,Digital,Processing,处理中
Sci-Fi,Digital,Reboot,重启
Sci-Fi,Digital,Satellite,卫星
Sci-Fi,Digital,Signal,信号
Sci-Fi,Digital,System,系统
Sci-Fi,Digital,Terminal,终端
Sci-Fi,Digital,Transmission,传输
Sci-Fi,Digital,Upload,上传
UI,Specific,Button,按钮
UI,Specific,Camera Shutter,快门声
UI,Specific,Checkbox,复选框
UI,Specific,Countdown,倒计时
UI,Specific,Dial,拨盘
UI,Specific,Keyboard,键盘(打字)
UI,Specific,Knob,旋钮
UI,Specific,Map,地图
UI,Specific,Metronome,节拍器
UI,Specific,Page,页面
UI,Specific,Popup,弹窗
UI,Specific,ProgressBar,进度条
UI,Specific,Radio,无线电
UI,Specific,Rollover,鼠标滑过
UI,Specific,Score,得分
UI,Specific,Slider,滑块
UI,Specific,Switch,开关(UI)
UI,Specific,Tap,轻触
UI,Specific,Text,文本/字幕
UI,Specific,Tick,勾选/滴答
UI,Specific,Toggle,切换键
UI,Specific,Touch,触摸
UI,Specific,Trash,删除/垃圾桶
UI,Specific,Unlock,解锁
UI,Specific,Warning,警告
UI,Specific,Zoom,缩放
Vehicles,Part_Detail,Alarm,汽车警报
Vehicles,Part_Detail,Blinker,转向灯
Vehicles,Part_Detail,Bonnet,引擎盖(英式)
Vehicles,Part_Detail,Boot,后备箱(英式)
Vehicles,Part_Detail,Dashboard,仪表盘
Vehicles,Part_Detail,Exhaust,排气
Vehicles,Part_Detail,Garage,车库
Vehicles,Part_Detail,Handle,把手
Vehicles,Part_Detail,Hubcap,轮毂盖
Vehicles,Part_Detail,Ignition,点火装置
Vehicles,Part_Detail,Key,车钥匙
Vehicles,Part_Detail,Muffler,消声器
Vehicles,Part_Detail,Pedal,踏板
Vehicles,Part_Detail,Radio,车载收音机
Vehicles,Part_Detail,Seat,座椅
Vehicles,Part_Detail,Suspension,悬挂
Vehicles,Part_Detail,Tank,油箱
Vehicles,Part_Detail,Transmission,变速箱
Vehicles,Part_Detail,Wheel,车轮
Vehicles,Part_Detail,Window,车窗
Vehicles,Part_Detail,Windshield,挡风玻璃
Vehicles,Maneuver,Burnout,烧胎
Vehicles,Maneuver,Corner,转弯
Vehicles,Maneuver,Cruise,巡航
Vehicles,Maneuver,Drift,漂移
Vehicles,Maneuver,Gear Change,换挡
Vehicles,Maneuver,Pass,超车
Vehicles,Maneuver,Peel Out,急加速起步
Vehicles,Maneuver,Reverse,倒车
Vehicles,Maneuver,Stall,熄火
Vehicles,Maneuver,Turn,转向
Modifier,Scale,Colossal,巨大的/庞大的
Modifier,Scale,Enormous,巨大的
Modifier,Scale,Giant,巨人/巨型
Modifier,Scale,Heavy,重型
Modifier,Scale,Huge,巨大
Modifier,Scale,Large,大
Modifier,Scale,Light,轻型
Modifier,Scale,Little,小
Modifier,Scale,Macro,微距/宏观
Modifier,Scale,Massive,厚重/大规模
Modifier,Scale,Medium,中等
Modifier,Scale,Micro,微型
Modifier,Scale,Miniature,微缩
Modifier,Scale,Small,小
Modifier,Scale,Tiny,极小/微小
Modifier,Scale,Titan,泰坦级/巨兽级
Modifier,Perspective,Background,背景
Modifier,Perspective,Behind,身后
Modifier,Perspective,Binaural,双耳/人头录音
Modifier,Perspective,Close,近距离
Modifier,Perspective,Close Up,特写
Modifier,Perspective,Confined,受限空间/狭窄
Modifier,Perspective,Distant,远距离
Modifier,Perspective,Enclosed,封闭空间
Modifier,Perspective,Exterior,室外/外部
Modifier,Perspective,Far,远
Modifier,Perspective,Foreground,前景
Modifier,Perspective,In Face,扑面而来
Modifier,Perspective,Interior,室内/内部
Modifier,Perspective,Left,左声道
Modifier,Perspective,Mono,单声道
Modifier,Perspective,Near,附近
Modifier,Perspective,Off Screen,画外音
Modifier,Perspective,Open,开阔
Modifier,Perspective,Outdoor,户外
Modifier,Perspective,Outside,外面
Modifier,Perspective,Point of View,主观视角/POV
Modifier,Perspective,Remote,偏远/遥远
Modifier,Perspective,Right,右声道
Modifier,Perspective,Room,房间感
Modifier,Perspective,Stereo,立体声
Modifier,Perspective,Surround,环绕声
Modifier,Perspective,Underground,地下
Modifier,Perspective,Underwater,水下
Modifier,Perspective,Wide,宽广
Modifier,Time,Abrupt,突然
Modifier,Time,Accelerated,加速的
Modifier,Time,Brief,简短
Modifier,Time,Constant,持续/恒定
Modifier,Time,Continuous,连续
Modifier,Time,Delayed,延迟
Modifier,Time,Extended,延长的
Modifier,Time,Fast,快
Modifier,Time,Gradual,渐进
Modifier,Time,Instant,瞬间
Modifier,Time,Intermittent,间歇
Modifier,Time,Long,长
Modifier,Time,Loopable,可循环
Modifier,Time,Paced,有节奏的
Modifier,Time,Quick,迅速
Modifier,Time,Rapid,急促
Modifier,Time,Rhythmic,有韵律的
Modifier,Time,Short,短
Modifier,Time,Slow,慢
Modifier,Time,Slow Motion,慢动作/Slo-Mo
Modifier,Time,Sudden,突发
Modifier,Time,Sustained,延音/持续
Modifier,Time,Swift,敏捷
Modifier,Time,Tempo,速度/节奏
Modifier,Sonic_Character,Acoustic,原声/声学
Modifier,Sonic_Character,Analog,模拟味
Modifier,Sonic_Character,Artificial,人工的
Modifier,Sonic_Character,Bass Heavy,重低音
Modifier,Sonic_Character,Clean,干净
Modifier,Sonic_Character,Clear,清晰
Modifier,Sonic_Character,Compressed,压缩感
Modifier,Sonic_Character,Crisp,清脆
Modifier,Sonic_Character,Dampened,阻尼/发闷
Modifier,Sonic_Character,Digital,数字感
Modifier,Sonic_Character,Direct,直接/干声
Modifier,Sonic_Character,Dirty,脏/有污渍感
Modifier,Sonic_Character,Distorted,失真
Modifier,Sonic_Character,Dry,干声(无混响)
Modifier,Sonic_Character,Dynamic,动态
Modifier,Sonic_Character,Electronic,电子
Modifier,Sonic_Character,EQed,经过均衡处理
Modifier,Sonic_Character,Filtered,滤波
Modifier,Sonic_Character,Flat,平直
Modifier,Sonic_Character,Fuzzy,模糊/绒毛感
Modifier,Sonic_Character,Hard,硬
Modifier,Sonic_Character,Harmonic,谐波
Modifier,Sonic_Character,Hi-Fi,高保真
Modifier,Sonic_Character,High Pitch,高音调
Modifier,Sonic_Character,Inharmonic,不和谐
Modifier,Sonic_Character,Lo-Fi,低保真
Modifier,Sonic_Character,Loud,响亮
Modifier,Sonic_Character,Low Pitch,低音调
Modifier,Sonic_Character,Mechanical,机械感
Modifier,Sonic_Character,Metallic,金属味
Modifier,Sonic_Character,Modulated,调制感
Modifier,Sonic_Character,Muffled,蒙住/听不清
Modifier,Sonic_Character,Muted,静音/弱音
Modifier,Sonic_Character,Natural,自然
Modifier,Sonic_Character,Noisy,噪杂
Modifier,Sonic_Character,Organic,有机/真实
Modifier,Sonic_Character,Overdriven,过载
Modifier,Sonic_Character,Pitch Shift,变调
Modifier,Sonic_Character,Processed,经过处理
Modifier,Sonic_Character,Pure,纯净
Modifier,Sonic_Character,Raw,原始/未处理
Modifier,Sonic_Character,Resonant,共鸣
Modifier,Sonic_Character,Reverberant,混响感
Modifier,Sonic_Character,Robotic,机械化/机器人感
Modifier,Sonic_Character,Rumbly,隆隆作响
Modifier,Sonic_Character,Saturated,饱和
Modifier,Sonic_Character,Sharp,尖锐
Modifier,Sonic_Character,Silent,寂静
Modifier,Sonic_Character,Soft,柔和
Modifier,Sonic_Character,Sub,超低频
Modifier,Sonic_Character,Subtle,微妙/细微
Modifier,Sonic_Character,Synthetic,合成
Modifier,Sonic_Character,Thin,单薄
Modifier,Sonic_Character,Treble,高频
Modifier,Sonic_Character,Vibrating,震动
Modifier,Sonic_Character,Warm,温暖
Modifier,Sonic_Character,Wet,湿声(带混响)
Modifier,Mood,Aggressive,侵略性
Modifier,Mood,Angry,愤怒
Modifier,Mood,Anxious,焦虑
Modifier,Mood,Calm,平静
Modifier,Mood,Cartoon,卡通
Modifier,Mood,Cinematic,电影感
Modifier,Mood,Comical,滑稽
Modifier,Mood,Creepy,惊悚
Modifier,Mood,Cute,可爱
Modifier,Mood,Danger,危险
Modifier,Mood,Dark,黑暗
Modifier,Mood,Depressing,压抑
Modifier,Mood,Dramatic,戏剧性
Modifier,Mood,Dreamy,梦幻
Modifier,Mood,Emotional,情绪化
Modifier,Mood,Epic,史诗
Modifier,Mood,Ethereal,空灵
Modifier,Mood,Exciting,兴奋
Modifier,Mood,Funny,有趣
Modifier,Mood,Futuristic,未来感
Modifier,Mood,Gloomy,阴沉
Modifier,Mood,Happy,快乐
Modifier,Mood,Heroic,英雄
Modifier,Mood,Historical,历史感/古老
Modifier,Mood,Holy,神圣
Modifier,Mood,Intense,激烈
Modifier,Mood,Lonely,孤独
Modifier,Mood,Magical,魔法
Modifier,Mood,Melancholic,忧郁
Modifier,Mood,Military,军事
Modifier,Mood,Mysterious,神秘
Modifier,Mood,Neutral,中性
Modifier,Mood,Peaceful,和平/安宁
Modifier,Mood,Playful,俏皮
Modifier,Mood,Positive,积极
Modifier,Mood,Powerful,强大
Modifier,Mood,Relaxing,放松
Modifier,Mood,Retro,复古
Modifier,Mood,Romantic,浪漫
Modifier,Mood,Sad,悲伤
Modifier,Mood,Serious,严肃
Modifier,Mood,Silly,愚蠢/搞怪
Modifier,Mood,Solemn,庄严
Modifier,Mood,Soothing,舒缓
Modifier,Mood,Spooky,幽灵般/阴森
Modifier,Mood,Strange,奇怪
Modifier,Mood,Suspenseful,悬疑
Modifier,Mood,Tense,紧张
Modifier,Mood,Threatening,威胁
Modifier,Mood,Tragic,悲剧
Modifier,Mood,Uplifting,振奋
Modifier,Mood,Urban,都市感
Modifier,Mood,Violent,暴力
Modifier,Mood,Weird,怪异
Cinematic,Element,Accent,重音
Cinematic,Element,Atmosphere,氛围
Cinematic,Element,Bed,铺底音效
Cinematic,Element,Boom,轰鸣
Cinematic,Element,Braaam,布拉姆音效(盗梦空间号角声)
Cinematic,Element,Build Up,情绪堆叠/渐强
Cinematic,Element,Climax,高潮
Cinematic,Element,Downer,下降音效/能量减弱
Cinematic,Element,Drop,坠落/重拍
Cinematic,Element,Ending,结尾
Cinematic,Element,Fill,填充音
Cinematic,Element,Finale,终章
Cinematic,Element,Hit,打击
Cinematic,Element,Intro,前奏/引入
Cinematic,Element,Jingle,短乐句
Cinematic,Element,Logo,Logo展示音
Cinematic,Element,Outro,尾声
Cinematic,Element,Phrase,乐句
Cinematic,Element,Ping,乒声/声呐
Cinematic,Element,Pulse,脉冲/律动
Cinematic,Element,Reverse,倒放
Cinematic,Element,Rise,上升
Cinematic,Element,Riser,上升音效
Cinematic,Element,Rumble,低频震动
Cinematic,Element,Score,配乐
Cinematic,Element,Stinger,突发刺点
Cinematic,Element,Sub Boom,超低频轰鸣
Cinematic,Element,Suckback,回吸音效
Cinematic,Element,Swell,膨胀/渐强
Cinematic,Element,Texture,纹理
Cinematic,Element,Title,标题音效
Cinematic,Element,Trailer,预告片风格
Cinematic,Element,Transition,转场
Cinematic,Element,Whoosh,呼啸
Cinematic,Element,Whoosh Hit,呼啸打击
Urban,Street,Manhole,井盖
Urban,Street,Grate,排水格栅
Urban,Street,Traffic Light,红绿灯/信号灯
Urban,Street,Crosswalk,人行横道信号
Urban,Street,Neon Light,霓虹灯(滋滋声)
Urban,Street,Streetlamp,路灯
Urban,Street,Hydrant,消防栓
Urban,Street,Trash Can,垃圾桶
Urban,Street,Dumpster,大型垃圾箱
Urban,Street,Fence,栅栏
Urban,Street,Chain Link,铁丝网
Urban,Street,Gate,大门/铁闸
Urban,Street,Mailbox,信箱
Urban,Street,Payphone,公用电话
Urban,Street,Vending Machine,自动售货机
Urban,Street,ATM,取款机
Urban,Street,Parking Meter,停车计时器
Urban,Street,Ticket Machine,售票机
Urban,Building,Elevator,电梯
Urban,Building,Escalator,自动扶梯
Urban,Building,Automatic Door,自动门
Urban,Building,Revolving Door,旋转门
Urban,Building,Intercom,对讲机
Urban,Building,Doorbell,门铃
Urban,Building,Knocker,门环
Urban,Building,Ventilation,通风/排气
Urban,Building,HVAC,暖通空调
Urban,Building,Sprinkler,消防喷淋
Office,Equipment,Photocopier,复印机
Office,Equipment,Scanner,扫描仪
Office,Equipment,Printer,打印机
Office,Equipment,Shredder,碎纸机
Office,Equipment,Fax,传真机
Office,Equipment,Projector,投影仪
Office,Equipment,Typewriter,打字机
Office,Equipment,Telephone,电话
Office,Equipment,Calculator,计算器
Office,Supplies,Stapler,订书机
Office,Supplies,Hole Punch,打孔机
Office,Supplies,Tape Dispenser,胶带座
Office,Supplies,Scissors,剪刀
Office,Supplies,Cutter,美工刀
Office,Supplies,Stamp,印章
Office,Supplies,Whiteboard,白板
Office,Supplies,Marker,马克笔
Office,Supplies,Binder,活页夹
Office,Supplies,File Cabinet,文件柜
Office,Supplies,Drawer,抽屉
Office,Supplies,Chair Squeak,椅子嘎吱声
Sports,Ball_Game,Basketball,篮球
Sports,Ball_Game,Baseball,棒球
Sports,Ball_Game,Football,足球/橄榄球
Sports,Ball_Game,Soccer,足球
Sports,Ball_Game,Tennis,网球
Sports,Ball_Game,Golf,高尔夫
Sports,Ball_Game,Volleyball,排球
Sports,Ball_Game,Bowling,保龄球
Sports,Ball_Game,Ping Pong,乒乓球
Sports,Ball_Game,Billiards,台球
Sports,Ball_Game,Pool,台球(花式)
Sports,Equipment,Bat,球棒
Sports,Equipment,Racket,球拍
Sports,Equipment,Glove,手套(棒球/拳击)
Sports,Equipment,Mitt,捕手手套
Sports,Equipment,Net,球网
Sports,Equipment,Rim,篮筐
Sports,Equipment,Backboard,篮板
Sports,Equipment,Whistle,哨子
Sports,Equipment,Scoreboard,记分牌
Sports,Equipment,Timer,计时器
Sports,Action,Dribble,运球
Sports,Action,Serve,发球
Sports,Action,Spike,扣杀
Sports,Action,Swing,挥杆/挥拍
Sports,Action,Kick,踢球
Sports,Action,Catch,接球
Sports,Action,Throw,投球
Sports,Action,Pass,传球
Sports,Action,Tackle,拦截/铲球
Sports,Action,Bounce,反弹
Sports,Action,Strike,全中(保龄球)/击打
Sports,Action,Spare,补中(保龄球)
Sports,Action,Swish,空心入网声
Sports,Gym,Treadmill,跑步机
Sports,Gym,Weights,哑铃/杠铃
Sports,Gym,Barbell,杠铃
Sports,Gym,Dumbbell,哑铃
Sports,Gym,Plate,杠铃片
Sports,Gym,Machine,健身器械
Sports,Gym,Punching Bag,沙袋
Sports,Gym,Jump Rope,跳绳
Sports,Gym,Mat,垫子
Sports,Skate,Skateboard,滑板
Sports,Skate,Rollerblade,旱冰鞋
Sports,Skate,Ice Skate,溜冰鞋
Sports,Skate,Snowboard,单板滑雪
Sports,Skate,Ski,双板滑雪
Sports,Skate,Grind,呲杆/磨轴
Sports,Skate,Ollie,豚跳
Sports,Skate,Wheel,轮子滚声
Leisure,Game,Card,纸牌
Leisure,Game,Shuffle,洗牌
Leisure,Game,Deal,发牌
Leisure,Game,Chip,筹码
Leisure,Game,Dice,骰子
Leisure,Game,Chess,国际象棋
Leisure,Game,Board Game,棋盘游戏
Leisure,Game,Piece,棋子
Leisure,Game,Slot Machine,老虎机
Leisure,Game,Jackpot,大奖音效
Leisure,Game,Pinball,弹珠台
Leisure,Game,Video Game,电子游戏
Leisure,Game,Console,游戏机
Leisure,Game,Controller,手柄
Leisure,Game,Joystick,摇杆
Leisure,Game,Arcade,街机
Tools,Workshop,Anvil,铁砧
Tools,Workshop,Axe,斧头
Tools,Workshop,Chisel,凿子
Tools,Workshop,Clamp,夹具
Tools,Workshop,File,锉刀
Tools,Workshop,Grinder,砂轮机
Tools,Workshop,Hammer,锤子
Tools,Workshop,Lathe,车床
Tools,Workshop,Mallet,木槌/胶槌
Tools,Workshop,Measuring Tape,卷尺
Tools,Workshop,Nail,钉子
Tools,Workshop,Nut,螺母
Tools,Workshop,Paint,油漆
Tools,Workshop,Palette,调色板
Tools,Workshop,Plane,刨子
Tools,Workshop,Pliers,钳子
Tools,Workshop,Ratchet,棘轮扳手
Tools,Workshop,Sandpaper,砂纸
Tools,Workshop,Saw,锯子
Tools,Workshop,Screw,螺丝
Tools,Workshop,Screwdriver,螺丝刀
Tools,Workshop,Soldering Iron,电烙铁
Tools,Workshop,Spanner,扳手(英式)
Tools,Workshop,Spray Can,喷漆罐
Tools,Workshop,Staple Gun,射钉枪
Tools,Workshop,Tape,胶带
Tools,Workshop,Toolbox,工具箱
Tools,Workshop,Torch,喷灯/焊枪
Tools,Workshop,Vice,台虎钳
Tools,Workshop,Welder,焊机
Tools,Workshop,Wrench,扳手
Tools,Garden,Blower,吹叶机
Tools,Garden,Chainsaw,链锯
Tools,Garden,Hose,软管/水管
Tools,Garden,Lawnmower,割草机
Tools,Garden,Rake,耙子
Tools,Garden,Shears,大剪刀
Tools,Garden,Shovel,铲子
Tools,Garden,Sprinkler,洒水器
Tools,Garden,Trimmer,修剪机
Tools,Garden,Wheelbarrow,独轮车
Action,Movement,Bob,上下浮动
Action,Movement,Careen,倾斜疾行
Action,Movement,Dart,飞奔/突进
Action,Movement,Dash,猛冲
Action,Movement,Drift,漂流/漂移
Action,Movement,Drop,掉落
Action,Movement,Eject,弹出
Action,Movement,Enter,进入
Action,Movement,Exit,退出
Action,Movement,Float,漂浮
Action,Movement,Flutter,拍打/摆动
Action,Movement,Gallop,飞奔(马)
Action,Movement,Halt,停顿
Action,Movement,Hover,悬停
Action,Movement,Launch,发射
Action,Movement,Orbit,轨道运行
Action,Movement,Oscillate,震荡/摆动
Action,Movement,Pivot,枢轴转动
Action,Movement,Propel,推进
Action,Movement,Pulsate,脉动
Action,Movement,Recoil,后坐力/回弹
Action,Movement,Retract,收回/缩回
Action,Movement,Rotate,旋转
Action,Movement,Scatter,驱散/散开
Action,Movement,Shake,摇晃
Action,Movement,Shiver,颤抖
Action,Movement,Shuffle,拖曳/洗牌
Action,Movement,Slither,滑行(蛇)
Action,Movement,Spin,自转
Action,Movement,Spiral,螺旋
Action,Movement,Sway,摇摆
Action,Movement,Tilt,倾斜
Action,Movement,Tremble,震颤
Action,Movement,Tumble,翻滚/跌倒
Action,Movement,Twist,扭曲
Action,Movement,Vibrate,振动
Action,Movement,Waddle,摇摆行走(鸭子)
Action,Movement,Wander,漫游
Action,Movement,Wiggle,扭动
Action,Movement,Wobble,摇晃/不稳
Action,Interaction,Attach,连接/安装
Action,Interaction,Bend,弯曲
Action,Interaction,Bind,捆绑
Action,Interaction,Catch,接住
Action,Interaction,Clasp,扣紧
Action,Interaction,Compress,压缩
Action,Interaction,Connect,连接
Action,Interaction,Crack,裂开
Action,Interaction,Crumple,弄皱
Action,Interaction,Crush,压碎
Action,Interaction,Detach,分离/拆卸
Action,Interaction,Disconnect,断开
Action,Interaction,Expand,膨胀
Action,Interaction,Extend,伸展
Action,Interaction,Fasten,固定
Action,Interaction,Fold,折叠
Action,Interaction,Friction,摩擦
Action,Interaction,Grab,抓取
Action,Interaction,Grip,紧握
Action,Interaction,Hinge,铰链转动
Action,Interaction,Inflate,充气
Action,Interaction,Insert,插入
Action,Interaction,Join,接合
Action,Interaction,Latch,门闩锁住
Action,Interaction,Lift,举起
Action,Interaction,Lock,上锁
Action,Interaction,Peel,剥皮/撕开
Action,Interaction,Pinch,捏
Action,Interaction,Plug,插入插头
Action,Interaction,Poke,戳
Action,Interaction,Pull,拉
Action,Interaction,Push,推
Action,Interaction,Release,释放
Action,Interaction,Rip,撕裂
Action,Interaction,Rub,摩擦/揉
Action,Interaction,Scrape,刮擦
Action,Interaction,Scratch,抓/挠
Action,Interaction,Screw,拧螺丝
Action,Interaction,Shake,摇动
Action,Interaction,Shatter,粉碎
Action,Interaction,Slide,滑动
Action,Interaction,Smash,猛砸
Action,Interaction,Snap,折断/按扣
Action,Interaction,Squeeze,挤压
Action,Interaction,Stack,堆叠
Action,Interaction,Stretch,拉伸
Action,Interaction,Stroke,抚摸/划
Action,Interaction,Tear,撕破
Action,Interaction,Tighten,拧紧
Action,Interaction,Touch,触摸
Action,Interaction,Twist,扭转
Action,Interaction,Unfold,展开
Action,Interaction,Unlock,解锁
Action,Interaction,Unscrew,旋松
Action,Interaction,Unzip,拉开拉链
Action,Interaction,Wipe,擦拭
Action,Interaction,Wrap,包裹
Action,Interaction,Zip,拉拉链
Action,Destruction,Annihilate,湮灭
Action,Destruction,Atomize,原子化/雾化
Action,Destruction,Break,破碎
Action,Destruction,Burn,燃烧
Action,Destruction,Burst,爆裂
Action,Destruction,Collapse,倒塌
Action,Destruction,Corrode,腐蚀
Action,Destruction,Decay,衰败
Action,Destruction,Deform,变形
Action,Destruction,Demolish,拆毁
Action,Destruction,Disintegrate,瓦解
Action,Destruction,Dissolve,溶解
Action,Destruction,Erode,侵蚀
Action,Destruction,Explode,爆炸
Action,Destruction,Fragment,碎片化
Action,Destruction,Implode,内爆
Action,Destruction,Incinerate,焚化
Action,Destruction,Melt,熔化
Action,Destruction,Pulverize,粉碎/研磨
Action,Destruction,Rupture,破裂
Action,Destruction,Sever,切断
Action,Destruction,Shred,切碎
Action,Destruction,Splinter,裂成碎片
Action,Destruction,Vaporize,汽化
Action,Liquid,Drip,滴落
Action,Liquid,Drizzle,细雨
Action,Liquid,Flood,淹没
Action,Liquid,Flow,流动
Action,Liquid,Froth,起泡
Action,Liquid,Gush,涌出
Action,Liquid,Leak,泄漏
Action,Liquid,Ooze,渗出
Action,Liquid,Pour,倾倒
Action,Liquid,Ripple,涟漪
Action,Liquid,Rinse,冲洗
Action,Liquid,Slurp,吸食声
Action,Liquid,Soak,浸泡
Action,Liquid,Spill,溢出
Action,Liquid,Splash,溅泼
Action,Liquid,Splat,啪嗒声(湿物)
Action,Liquid,Spray,喷射
Action,Liquid,Spritz,喷雾
Action,Liquid,Squelch,吧唧声(踩泥)
Action,Liquid,Squirt,滋水
Action,Liquid,Steam,蒸发
Action,Liquid,Submerge,淹没
Action,Liquid,Swirl,旋转流
Action,Liquid,Trickle,细流
Action,Liquid,Wash,洗涤
Abstract,Design,Accent,强调音
Abstract,Design,Ambient,氛围音
Abstract,Design,Atmosphere,大气/气氛
Abstract,Design,Attack,起音
Abstract,Design,Bed,衬底
Abstract,Design,Build-up,情绪推进
Abstract,Design,Cavernous,洞穴感/空灵
Abstract,Design,Cinematic,电影感
Abstract,Design,Climax,高潮
Abstract,Design,Cluster,音簇
Abstract,Design,Complex,复杂
Abstract,Design,Crescendo,渐强
Abstract,Design,Decay,衰减
Abstract,Design,Deep,深沉
Abstract,Design,Discordant,不协和
Abstract,Design,Distortion,失真
Abstract,Design,Downer,下降音/消极音
Abstract,Design,Drone,持续低鸣
Abstract,Design,Drop,掉落/高潮点
Abstract,Design,Dynamic,动态
Abstract,Design,Ethereal,虚无缥缈
Abstract,Design,Evolution,演变
Abstract,Design,Fade In,淡入
Abstract,Design,Fade Out,淡出
Abstract,Design,Feedback,反馈/啸叫
Abstract,Design,Filter,过滤/扫频
Abstract,Design,Finale,终章
Abstract,Design,Flanger,镶边
Abstract,Design,Frequency,频率
Abstract,Design,Grain,颗粒
Abstract,Design,Harmonic,泛音/和声
Abstract,Design,Heavy,厚重
Abstract,Design,Hit,打击
Abstract,Design,Hybrid,混合
Abstract,Design,Impact,冲击
Abstract,Design,Industrial,工业感
Abstract,Design,Intro,前奏
Abstract,Design,Layer,层叠
Abstract,Design,Loop,循环
Abstract,Design,Low End,低频端
Abstract,Design,Minimal,极简
Abstract,Design,Modulation,调制
Abstract,Design,Morph,变形/渐变
Abstract,Design,Noise,噪音
Abstract,Design,One-shot,单次触发
Abstract,Design,Outro,尾声
Abstract,Design,Pad,铺底
Abstract,Design,Pass-by,飞驰而过
Abstract,Design,Phase,相位
Abstract,Design,Pitch,音高
Abstract,Design,Processed,经过处理
Abstract,Design,Pulse,脉冲
Abstract,Design,Reverse,倒放
Abstract,Design,Rhythm,节奏
Abstract,Design,Rise,上升
Abstract,Design,Riser,上升音效
Abstract,Design,Rumble,隆隆声
Abstract,Design,Scrape,刮擦声(设计类)
Abstract,Design,Sequence,序列
Abstract,Design,Shimmer,微光/闪烁
Abstract,Design,Shockwave,冲击波
Abstract,Design,Silence,静音
Abstract,Design,Simple,简单
Abstract,Design,Slam,猛击
Abstract,Design,Slow-mo,慢动作
Abstract,Design,Space,空间感
Abstract,Design,Span,跨度
Abstract,Design,Stinger,刺点/突发音
Abstract,Design,Stutter,卡顿
Abstract,Design,Sub,超低音
Abstract,Design,Suckback,回吸音
Abstract,Design,Suspense,悬疑
Abstract,Design,Sweep,扫频
Abstract,Design,Swell,膨胀/涌起
Abstract,Design,Swish,挥动声
Abstract,Design,Swoosh,飞掠声
Abstract,Design,Sync,同步
Abstract,Design,Synth,合成音
Abstract,Design,Tail,尾音
Abstract,Design,Tension,张力
Abstract,Design,Texture,质感/纹理
Abstract,Design,Thump,沉重撞击
Abstract,Design,Timbre,音色
Abstract,Design,Tonal,有调性
Abstract,Design,Trailer,预告片
Abstract,Design,Transform,变形
Abstract,Design,Transition,转场
Abstract,Design,Tremolo,震音
Abstract,Design,Underscore,背景配乐
Abstract,Design,Velocity,力度/速度
Abstract,Design,Warp,扭曲/跃迁
Abstract,Design,Wash,冲刷音(长尾音)
Abstract,Design,Wave,波形
Abstract,Design,Whoosh,呼啸
Abstract,Design,Whooshbang,呼啸撞击
Abstract,Glitch,Aliasing,混叠
Abstract,Glitch,Artifact,伪影/瑕疵
Abstract,Glitch,Bitcrush,位深破碎
Abstract,Glitch,Breakup,破碎/断续
Abstract,Glitch,Buffer,缓冲
Abstract,Glitch,Bug,漏洞
Abstract,Glitch,Buzz,滋滋声
Abstract,Glitch,Chirp,啁啾声(数据)
Abstract,Glitch,Click,咔嗒声
Abstract,Glitch,Clip,削波
Abstract,Glitch,Corruption,数据损坏
Abstract,Glitch,Crack,爆裂
Abstract,Glitch,Cut,切断
Abstract,Glitch,Datamosh,数据混流
Abstract,Glitch,Decode,解码
Abstract,Glitch,Degrade,降级
Abstract,Glitch,Digital,数字
Abstract,Glitch,Error,错误
Abstract,Glitch,Failure,故障
Abstract,Glitch,Freeze,冻结
Abstract,Glitch,Fuzz,模糊/法兹
Abstract,Glitch,Grainy,颗粒感
Abstract,Glitch,Hiss,底噪
Abstract,Glitch,Hum,嗡嗡声
Abstract,Glitch,Interference,干扰
Abstract,Glitch,Jitter,抖动
Abstract,Glitch,Lag,延迟
Abstract,Glitch,Malfunction,失灵
Abstract,Glitch,Mosaic,马赛克
Abstract,Glitch,Pixelate,像素化
Abstract,Glitch,Pop,爆音
Abstract,Glitch,Random,随机
Abstract,Glitch,Scramble,扰频
Abstract,Glitch,Scratch,刮擦(数字)
Abstract,Glitch,Short Circuit,短路
Abstract,Glitch,Signal,信号
Abstract,Glitch,Skip,跳音
Abstract,Glitch,Spike,尖峰
Abstract,Glitch,Static,静电/雪花
Abstract,Glitch,Stretch,拉伸
Abstract,Glitch,Stuck,卡住
Abstract,Glitch,System,系统
Abstract,Glitch,Transmission,传输
Abstract,Glitch,Zap,滋/电流声
Sound_Word,Metal_Glass,Clank,当啷声(重金属)
Sound_Word,Metal_Glass,Clink,叮当声(轻金属/玻璃)
Sound_Word,Metal_Glass,Chime,钟鸣/风铃声
Sound_Word,Metal_Glass,Ding,叮(提示音)
Sound_Word,Metal_Glass,Dong,咚(钟声)
Sound_Word,Metal_Glass,Jingle,叮叮当当(碎响)
Sound_Word,Metal_Glass,Jangle,刺耳金属声
Sound_Word,Metal_Glass,Ring,铃声/回响
Sound_Word,Metal_Glass,Tinkle,丁零声(细微)
Sound_Word,Metal_Glass,Twang,拨弦声/鼻音
Sound_Word,Metal_Glass,Zing,呼啸声(子弹/金属)
Sound_Word,Impact_Dull,Bam,砰(重击)
Sound_Word,Impact_Dull,Bonk,敲头声
Sound_Word,Impact_Dull,Boom,轰鸣
Sound_Word,Impact_Dull,Bop,轻打
Sound_Word,Impact_Dull,Bump,碰撞
Sound_Word,Impact_Dull,Clunk,沉闷金属声
Sound_Word,Impact_Dull,Plonk,扑通声(重物)
Sound_Word,Impact_Dull,Pound,咚咚敲击
Sound_Word,Impact_Dull,Thud,闷响(物体落地)
Sound_Word,Impact_Dull,Thump,重击声
Sound_Word,Impact_Dull,Whack,啪(重打)
Sound_Word,Impact_Dull,Wham,砰(剧烈撞击)
Sound_Word,Impact_Dull,Whump,扑通(沉闷)
Sound_Word,Liquid_Wet,Drip,滴答
Sound_Word,Liquid_Wet,Fizz,嘶嘶(气泡)
Sound_Word,Liquid_Wet,Gurgle,咕噜声
Sound_Word,Liquid_Wet,Plop,扑通(入水)
Sound_Word,Liquid_Wet,Slosh,哗啦(晃水)
Sound_Word,Liquid_Wet,Slurp,吸溜声
Sound_Word,Liquid_Wet,Splash,溅泼声
Sound_Word,Liquid_Wet,Splat,啪嗒(粘稠物)
Sound_Word,Liquid_Wet,Splatter,飞溅声
Sound_Word,Liquid_Wet,Splutter,喷溅/语无伦次
Sound_Word,Liquid_Wet,Spray,喷射声
Sound_Word,Liquid_Wet,Squish,吧唧声(挤压)
Sound_Word,Liquid_Wet,Squelch,咕滋声(泥泞)
Sound_Word,Air_Wind,Gas,喘气
Sound_Word,Air_Wind,Hiss,嘶嘶声(泄气)
Sound_Word,Air_Wind,Huff,呼气
Sound_Word,Air_Wind,Puff,喷气
Sound_Word,Air_Wind,Sigh,叹气
Sound_Word,Air_Wind,Sniff,吸鼻子
Sound_Word,Air_Wind,Sneeze,喷嚏
Sound_Word,Air_Wind,Swish,嗖(挥动)
Sound_Word,Air_Wind,Swoosh,呼啸(飞过)
Sound_Word,Air_Wind,Whiff,轻吹
Sound_Word,Air_Wind,Whir,呼呼声(旋转)
Sound_Word,Air_Wind,Whistle,口哨/哨声
Sound_Word,Air_Wind,Whizz,嗖嗖声(高速)
Sound_Word,Air_Wind,Whoosh,呼啸声
Sound_Word,Air_Wind,Zip,拉链声/尖啸
Sound_Word,Air_Wind,Zoom,变焦/疾驰
Sound_Word,Friction_Break,Crack,咔嚓(断裂)
Sound_Word,Friction_Break,Crackle,噼里啪啦(燃烧)
Sound_Word,Friction_Break,Creak,嘎吱(木头/门)
Sound_Word,Friction_Break,Crunch,嘎嘣脆
Sound_Word,Friction_Break,Grind,嘎吱(研磨)
Sound_Word,Friction_Break,Groan,呻吟(物体受压)
Sound_Word,Friction_Break,Pop,砰(爆裂/气泡)
Sound_Word,Friction_Break,Rasp,刺耳刮擦声
Sound_Word,Friction_Break,Rattle,咔嗒咔嗒(震动)
Sound_Word,Friction_Break,Rip,撕裂声
Sound_Word,Friction_Break,Rustle,沙沙声(树叶/纸)
Sound_Word,Friction_Break,Scrape,刮擦声
Sound_Word,Friction_Break,Scratch,抓挠声
Sound_Word,Friction_Break,Shatter,粉碎声
Sound_Word,Friction_Break,Snap,啪(折断)
Sound_Word,Friction_Break,Squeak,吱吱声
Sound_Word,Friction_Break,Squeal,尖叫声(刹车/猪)
Sound_Word,Electronic,Beep,哔声
Sound_Word,Electronic,Blip,短促信号音
Sound_Word,Electronic,Bloop,电子水泡音
Sound_Word,Electronic,Buzz,滋滋声(蜂鸣)
Sound_Word,Electronic,Chirp,啾啾声(电子)
Sound_Word,Electronic,Click,咔嗒(鼠标/开关)
Sound_Word,Electronic,Glitch,故障音
Sound_Word,Electronic,Hum,嗡嗡声(电流)
Sound_Word,Electronic,Ping,乒声(声纳/提示)
Sound_Word,Electronic,Pulse,脉冲音
Sound_Word,Electronic,Static,沙沙声(静电)
Sound_Word,Electronic,Tick,滴答(钟表)
Sound_Word,Electronic,Tock,嗒(钟表)
Sound_Word,Electronic,Zap,滋(电流/激光)
Audio_Process,Synthesis,Additive,加法合成
Audio_Process,Synthesis,AM,调幅(Amplitude Mod)
Audio_Process,Synthesis,Carrier,载波
Audio_Process,Synthesis,Detune,失谐
Audio_Process,Synthesis,Envelope,包络
Audio_Process,Synthesis,FM,调频(Freq Mod)
Audio_Process,Synthesis,Formant,共振峰
Audio_Process,Synthesis,Granular,颗粒合成
Audio_Process,Synthesis,Harmonic,泛音/谐波
Audio_Process,Synthesis,LFO,低频振荡器
Audio_Process,Synthesis,Modulator,调制器
Audio_Process,Synthesis,Noise,噪波
Audio_Process,Synthesis,Oscillator,振荡器
Audio_Process,Synthesis,Patch,音色/配线
Audio_Process,Synthesis,Polyphony,复音
Audio_Process,Synthesis,Preset,预设
Audio_Process,Synthesis,Resonance,共鸣/谐振
Audio_Process,Synthesis,Ring Mod,环形调制
Audio_Process,Synthesis,Sawtooth,锯齿波
Audio_Process,Synthesis,Sine,正弦波
Audio_Process,Synthesis,Square,方波
Audio_Process,Synthesis,Sub-osc,子振荡器
Audio_Process,Synthesis,Subtract,减法合成
Audio_Process,Synthesis,Triangle,三角波
Audio_Process,Synthesis,Unison,同度/齐奏
Audio_Process,Synthesis,Velocity,力度
Audio_Process,Synthesis,Vocoder,声码器
Audio_Process,Synthesis,Wavetable,波表
Audio_Process,Design,Aliasing,混叠/锯齿
Audio_Process,Design,Artifact,伪影/瑕疵
Audio_Process,Design,Attenuate,衰减
Audio_Process,Design,Automation,自动化
Audio_Process,Design,Bandwidth,带宽
Audio_Process,Design,Bit Depth,位深
Audio_Process,Design,Boost,提升/增益
Audio_Process,Design,Bypass,旁通
Audio_Process,Design,Chain,效果链
Audio_Process,Design,Clipping,削波
Audio_Process,Design,Comping,拼接(人声)
Audio_Process,Design,Compression,压缩
Audio_Process,Design,Crossfade,交叉淡化
Audio_Process,Design,Damping,阻尼/吸声
Audio_Process,Design,Decay,衰减
Audio_Process,Design,Diffusion,扩散
Audio_Process,Design,Dither,抖动(降位深)
Audio_Process,Design,Dry,干声
Audio_Process,Design,Ducking,闪避
Audio_Process,Design,Dynamic Range,动态范围
Audio_Process,Design,Equalizer,均衡器
Audio_Process,Design,Exciter,激励器
Audio_Process,Design,Expander,扩展器
Audio_Process,Design,Fader,推子
Audio_Process,Design,Feedback,反馈
Audio_Process,Design,Filter,滤波器
Audio_Process,Design,Flanger,镶边
Audio_Process,Design,Gain,增益
Audio_Process,Design,Gate,门限
Audio_Process,Design,Headroom,动态余量
Audio_Process,Design,Impulse,脉冲响应
Audio_Process,Design,Insert,插入
Audio_Process,Design,Isolation,隔离
Audio_Process,Design,Latency,延迟
Audio_Process,Design,Layering,分层
Audio_Process,Design,Limiter,限制器
Audio_Process,Design,Looping,循环
Audio_Process,Design,Masking,掩蔽效应
Audio_Process,Design,Mastering,母带处理
Audio_Process,Design,Mixing,混音
Audio_Process,Design,Mono,单声道
Audio_Process,Design,Mute,静音
Audio_Process,Design,Normalize,归一化
Audio_Process,Design,Pan,声像
Audio_Process,Design,Parallel,并行处理
Audio_Process,Design,Parametric,参量(EQ)
Audio_Process,Design,Phase,相位
Audio_Process,Design,Phaser,移相器
Audio_Process,Design,Pitch Shift,变调
Audio_Process,Design,Polarity,极性
Audio_Process,Design,Quantize,量化
Audio_Process,Design,Ratio,比率
Audio_Process,Design,Reverb,混响
Audio_Process,Design,Reverse,倒放
Audio_Process,Design,Sample Rate,采样率
Audio_Process,Design,Saturation,饱和度
Audio_Process,Design,Send,发送
Audio_Process,Design,Sidechain,侧链
Audio_Process,Design,Signal Flow,信号流
Audio_Process,Design,Solo,独奏
Audio_Process,Design,Spectrum,频谱
Audio_Process,Design,Stereo,立体声
Audio_Process,Design,Stretch,时间伸缩
Audio_Process,Design,Threshold,阈值
Audio_Process,Design,Timbre,音色
Audio_Process,Design,Transient,瞬态
Audio_Process,Design,Tremolo,震音
Audio_Process,Design,Trim,微调
Audio_Process,Design,Vibrato,颤音
Audio_Process,Design,Wet,湿声
Audio_Process,Design,Width,宽度(立体声)