word_cn,word_en,semantic_hint,category
纯净,Pure,cold digital minimal relaxed smooth calm,adjective
水晶,Crystal,cold digital minimal relaxed smooth calm,adjective
极简,Minimal,cold digital minimal relaxed smooth calm,adjective
精确,Precise,cold digital minimal relaxed smooth calm,noun
临床感,Clinical,cold digital minimal relaxed smooth calm,adjective
无菌,Sterile,cold digital minimal relaxed smooth calm,noun
空灵,Ethereal,cold digital minimal relaxed smooth calm,adjective
飘渺,Floating,cold digital minimal relaxed smooth calm,noun
透明,Transparent,cold digital minimal relaxed smooth calm,adjective
清澈,Clear,cold digital minimal relaxed smooth calm,adjective
洁净,Clean,cold digital minimal relaxed smooth calm,adjective
轻盈,Light,cold digital minimal relaxed smooth calm,adjective
稀薄,Thin,cold digital minimal relaxed smooth calm,adjective
明亮,Bright,cold digital minimal relaxed smooth calm,adjective
静谧,Serene,cold digital minimal relaxed smooth calm,noun
宁静,Tranquil,cold digital minimal relaxed smooth calm,adjective
安详,Peaceful,cold digital minimal relaxed smooth calm,adjective
数字,Digital,cold digital minimal relaxed smooth calm,adjective
电子,Electronic,cold digital minimal relaxed smooth calm,adjective
合成,Synthetic,cold digital minimal relaxed smooth calm,adjective
平滑,Smooth,cold digital minimal relaxed smooth calm,adjective
丝滑,Silky,cold digital minimal relaxed smooth calm,noun
柔顺,Sleek,cold digital minimal relaxed smooth calm,adjective
冰冷,Icy,cold digital minimal relaxed smooth calm,adjective
冰晶,Frozen,cold digital minimal relaxed smooth calm,verb
清脆,Crisp,cold digital minimal relaxed smooth calm,adjective
细腻,Fine,cold digital minimal relaxed smooth calm,adjective
精致,Refined,cold digital minimal relaxed smooth calm,noun
冥想,Meditation,cold digital minimal relaxed smooth calm,adjective
禅意,Zen,cold digital minimal relaxed smooth calm,adjective
极简主义,Minimalist,cold digital minimal relaxed smooth calm,adjective
白噪音,White-noise,cold digital minimal relaxed smooth calm,adjective
正弦波,Sine,cold digital minimal relaxed smooth calm,noun
纯音,Pure-tone,cold digital minimal relaxed smooth calm,adjective
干净,Pristine,cold digital minimal relaxed smooth calm,adjective
无尘,Dust-free,cold digital minimal relaxed smooth calm,adjective
真空,Vacuum,cold digital minimal relaxed smooth calm,noun
太空,Space,cold digital minimal relaxed smooth calm,noun
无重力,Weightless,cold digital minimal relaxed smooth calm,adjective
漂浮,Drift,cold digital minimal relaxed smooth calm,verb
悬浮,Suspended,cold digital minimal relaxed smooth calm,noun
舒缓,Soothing,cold digital minimal relaxed smooth calm,noun
轻柔,Gentle,cold digital minimal relaxed smooth calm,adjective
低调,Subtle,cold digital minimal relaxed smooth calm,noun
安静,Quiet,cold digital minimal relaxed smooth calm,adjective
柔软,Soft,cold digital minimal relaxed smooth calm,adjective
环境,Ambient,cold digital minimal relaxed smooth calm,noun
氛围,Atmospheric,cold digital minimal relaxed smooth calm,noun
铺底,Pad,cold digital minimal relaxed smooth calm,noun
持续,Sustained,cold digital minimal relaxed smooth calm,noun
延音,Sustain,cold digital minimal relaxed smooth calm,noun
无限,Infinite,cold digital minimal relaxed smooth calm,adjective
循环,Loop,cold digital minimal relaxed smooth calm,verb
无缝,Seamless,cold digital minimal relaxed smooth calm,adjective
流动,Flowing,cold digital minimal relaxed smooth calm,verb
玻璃,Glass,cold digital minimal relaxed smooth calm,noun
银色,Silver,cold digital minimal relaxed smooth calm,adjective
钻石,Diamond,cold digital minimal relaxed smooth calm,noun
星光,Starlight,cold digital minimal relaxed smooth calm,adjective
月光,Moonlight,cold digital minimal relaxed smooth calm,adjective
薄雾,Mist,cold digital minimal relaxed smooth calm,noun
晨露,Dew,cold digital minimal relaxed smooth calm,noun
温暖,Warm,hot analog warm relaxed mellow vintage,adjective
复古,Vintage,hot analog warm relaxed mellow vintage,noun
怀旧,Retro,hot analog warm relaxed mellow vintage,noun
模拟,Analog,hot analog warm relaxed mellow vintage,adjective
电子管,Tube,hot analog warm relaxed mellow vintage,verb
磁带,Tape,hot analog warm relaxed mellow vintage,noun
柔和,Mellow,hot analog warm relaxed mellow vintage,adjective
圆润,Round,hot analog warm relaxed mellow vintage,noun
丰满,Full,hot analog warm relaxed mellow vintage,noun
厚实,Thick,hot analog warm relaxed mellow vintage,adjective
肥厚,Fat,hot analog warm relaxed mellow vintage,adjective
丰富,Rich,hot analog warm relaxed mellow vintage,adjective
有机,Organic,hot analog warm relaxed mellow vintage,adjective
自然,Natural,hot analog warm relaxed mellow vintage,noun
原木,Woody,hot analog warm relaxed mellow vintage,noun
木质,Wooden,hot analog warm relaxed mellow vintage,adjective
原声,Acoustic,hot analog warm relaxed mellow vintage,noun
泥土,Earthy,hot analog warm relaxed mellow vintage,noun
大地,Earth,hot analog warm relaxed mellow vintage,noun
舒适,Cozy,hot analog warm relaxed mellow vintage,adjective
惬意,Comfortable,hot analog warm relaxed mellow vintage,adjective
放松,Relaxed,hot analog warm relaxed mellow vintage,adjective
慵懒,Lazy,hot analog warm relaxed mellow vintage,adjective
悠闲,Leisurely,hot analog warm relaxed mellow vintage,adjective
闲适,Easygoing,hot analog warm relaxed mellow vintage,adjective
随意,Casual,hot analog warm relaxed mellow vintage,adjective
轻松,Easy,hot analog warm relaxed mellow vintage,adjective
饱和,Saturated,hot analog warm relaxed mellow vintage,noun
着色,Colored,hot analog warm relaxed mellow vintage,adjective
染色,Tinted,hot analog warm relaxed mellow vintage,noun
谐波,Harmonic,hot analog warm relaxed mellow vintage,verb
泛音,Overtone,hot analog warm relaxed mellow vintage,noun
共振,Resonant,hot analog warm relaxed mellow vintage,verb
蜂蜜,Honey,hot analog warm relaxed mellow vintage,noun
奶油,Creamy,hot analog warm relaxed mellow vintage,noun
丝绒,Velvet,hot analog warm relaxed mellow vintage,adjective
羊毛,Wool,hot analog warm relaxed mellow vintage,adjective
棉花,Cotton,hot analog warm relaxed mellow vintage,noun
皮革,Leather,hot analog warm relaxed mellow vintage,adjective
铜色,Copper,hot analog warm relaxed mellow vintage,noun
金色,Golden,hot analog warm relaxed mellow vintage,adjective
琥珀,Amber,hot analog warm relaxed mellow vintage,adjective
焦糖,Caramel,hot analog warm relaxed mellow vintage,noun
胆机,Valve,hot analog warm relaxed mellow vintage,verb
黑胶,Vinyl,hot analog warm relaxed mellow vintage,noun
唱片,Record,hot analog warm relaxed mellow vintage,noun
开盘机,Reel,hot analog warm relaxed mellow vintage,noun
老式,Old-school,hot analog warm relaxed mellow vintage,noun
经典,Classic,hot analog warm relaxed mellow vintage,adjective
传统,Traditional,hot analog warm relaxed mellow vintage,noun
深沉,Deep,hot analog warm relaxed mellow vintage,noun
低沉,Low,hot analog warm relaxed mellow vintage,adjective
暗淡,Dark,hot analog warm relaxed mellow vintage,adjective
朦胧,Hazy,hot analog warm relaxed mellow vintage,adjective
模糊,Blurry,hot analog warm relaxed mellow vintage,adjective
柔焦,Soft-focus,hot analog warm relaxed mellow vintage,adjective
温馨,Heartwarming,hot analog warm relaxed mellow vintage,adjective
亲切,Friendly,hot analog warm relaxed mellow vintage,adjective
治愈,Healing,hot analog warm relaxed mellow vintage,adjective
催眠,Hypnotic,hot analog warm relaxed mellow vintage,adjective
梦幻,Dreamy,hot analog warm relaxed mellow vintage,adjective
浪漫,Romantic,hot analog warm relaxed mellow vintage,adjective
感性,Sensual,hot analog warm relaxed mellow vintage,noun
故障,Glitch,cold digital tense harsh glitch,adjective
像素,Pixel,cold digital tense harsh glitch,adjective
位元,Bit,cold digital tense harsh glitch,noun
数据,Data,cold digital tense harsh glitch,noun
二进制,Binary,cold digital tense harsh glitch,adjective
代码,Code,cold digital tense harsh glitch,noun
错误,Error,cold digital tense harsh glitch,verb
损坏,Corrupt,cold digital tense harsh glitch,noun
破碎,Broken,cold digital tense harsh glitch,verb
崩溃,Crash,cold digital tense harsh glitch,verb
死机,Freeze,cold digital tense harsh glitch,verb
尖锐,Sharp,cold digital tense harsh glitch,adjective
刺耳,Harsh,cold digital tense harsh glitch,verb
刺激,Piercing,cold digital tense harsh glitch,noun
切割,Cutting,cold digital tense harsh glitch,verb
锋利,Edgy,cold digital tense harsh glitch,adjective
针刺,Needle,cold digital tense harsh glitch,noun
刀片,Blade,cold digital tense harsh glitch,verb
噪声,Noise,cold digital tense harsh glitch,adjective
静电,Static,cold digital tense harsh glitch,verb
干扰,Interference,cold digital tense harsh glitch,adjective
杂音,Crackle,cold digital tense harsh glitch,verb
嗡嗡,Buzz,cold digital tense harsh glitch,adjective
嘶嘶,Hiss,cold digital tense harsh glitch,noun
紧张,Tense,cold digital tense harsh glitch,adjective
焦虑,Anxious,cold digital tense harsh glitch,adjective
躁动,Restless,cold digital tense harsh glitch,adjective
神经质,Nervous,cold digital tense harsh glitch,adjective
不安,Uneasy,cold digital tense harsh glitch,adjective
警觉,Alert,cold digital tense harsh glitch,adjective
机械,Mechanical,cold digital tense harsh glitch,noun
机器,Machine,cold digital tense harsh glitch,noun
机器人,Robotic,cold digital tense harsh glitch,noun
工业,Industrial,cold digital tense harsh glitch,noun
金属,Metallic,cold digital tense harsh glitch,adjective
冷硬,Cold-hard,cold digital tense harsh glitch,adjective
钢铁,Steel,cold digital tense harsh glitch,noun
铝,Aluminum,cold digital tense harsh glitch,noun
快速,Fast,cold digital tense harsh glitch,verb
急促,Rapid,cold digital tense harsh glitch,verb
口吃,Stutter,cold digital tense harsh glitch,verb
断续,Choppy,cold digital tense harsh glitch,adjective
抖动,Jitter,cold digital tense harsh glitch,noun
跳跃,Skip,cold digital tense harsh glitch,verb
闪烁,Flicker,cold digital tense harsh glitch,verb
混乱,Chaotic,cold digital tense harsh glitch,adjective
随机,Random,cold digital tense harsh glitch,adjective
无序,Disordered,cold digital tense harsh glitch,adjective
碎片,Fragment,cold digital tense harsh glitch,noun
拼贴,Collage,cold digital tense harsh glitch,noun
解构,Deconstructed,cold digital tense harsh glitch,noun
赛博,Cyber,cold digital tense harsh glitch,adjective
矩阵,Matrix,cold digital tense harsh glitch,noun
虚拟,Virtual,cold digital tense harsh glitch,adjective
人工,Artificial,cold digital tense harsh glitch,adjective
算法,Algorithm,cold digital tense harsh glitch,noun
程序,Program,cold digital tense harsh glitch,adjective
病毒,Virus,cold digital tense harsh glitch,adjective
黑客,Hacker,cold digital tense harsh glitch,adjective
尖叫,Screech,cold digital tense harsh glitch,noun
啸叫,Squeal,cold digital tense harsh glitch,verb
刺痛,Sting,cold digital tense harsh glitch,verb
刺穿,Penetrate,cold digital tense harsh glitch,noun
锯齿,Saw,cold digital tense harsh glitch,noun
方波,Square,cold digital tense harsh glitch,noun
失真,Distorted,hot analog tense aggressive distorted,noun
过载,Overdrive,hot analog tense aggressive distorted,verb
饱和失真,Saturate,hot analog tense aggressive distorted,noun
削波,Clip,hot analog tense aggressive distorted,noun
爆音,Blow,hot analog tense aggressive distorted,verb
破音,Break-up,hot analog tense aggressive distorted,verb
绒毛,Fuzzy,hot analog tense aggressive distorted,noun
毛茸茸,Furry,hot analog tense aggressive distorted,noun
嘎吱,Crunchy,hot analog tense aggressive distorted,adjective
粗糙,Gritty,hot analog tense aggressive distorted,adjective
砂纸,Sandpaper,hot analog tense aggressive distorted,noun
颗粒,Granular,hot analog tense aggressive distorted,noun
肮脏,Dirty,hot analog tense aggressive distorted,adjective
污浊,Filthy,hot analog tense aggressive distorted,adjective
浑浊,Muddy,hot analog tense aggressive distorted,verb
油腻,Greasy,hot analog tense aggressive distorted,noun
黏糊,Gooey,hot analog tense aggressive distorted,noun
腐烂,Rotten,hot analog tense aggressive distorted,noun
激进,Aggressive,hot analog tense aggressive distorted,verb
强烈,Intense,hot analog tense aggressive distorted,verb
强力,Powerful,hot analog tense aggressive distorted,adjective
猛烈,Fierce,hot analog tense aggressive distorted,verb
凶猛,Ferocious,hot analog tense aggressive distorted,adjective
暴力,Violent,hot analog tense aggressive distorted,verb
重型,Heavy,hot analog tense aggressive distorted,adjective
巨大,Massive,hot analog tense aggressive distorted,noun
厚重,Weighty,hot analog tense aggressive distorted,adjective
沉重,Ponderous,hot analog tense aggressive distorted,adjective
压倒性,Overwhelming,hot analog tense aggressive distorted,verb
碾压,Crushing,hot analog tense aggressive distorted,verb
原始,Raw,hot analog tense aggressive distorted,noun
粗犷,Rough,hot analog tense aggressive distorted,adjective
残暴,Brutal,hot analog tense aggressive distorted,verb
野蛮,Savage,hot analog tense aggressive distorted,verb
未加工,Unprocessed,hot analog tense aggressive distorted,adjective
未修饰,Unpolished,hot analog tense aggressive distorted,adjective
咆哮,Growl,hot analog tense aggressive distorted,noun
尖叫,Scream,hot analog tense aggressive distorted,verb
怒吼,Roar,hot analog tense aggressive distorted,verb
嚎叫,Howl,hot analog tense aggressive distorted,noun
嘶吼,Snarl,hot analog tense aggressive distorted,noun
撕裂,Tear,hot analog tense aggressive distorted,verb
轰鸣,Rumble,hot analog tense aggressive distorted,verb
雷鸣,Thunder,hot analog tense aggressive distorted,verb
爆炸,Explosive,hot analog tense aggressive distorted,verb
爆发,Burst,hot analog tense aggressive distorted,verb
喷发,Erupt,hot analog tense aggressive distorted,verb
冲击,Impact,hot analog tense aggressive distorted,verb
狂野,Wild,hot analog tense aggressive distorted,noun
狂暴,Furious,hot analog tense aggressive distorted,adjective
疯狂,Crazy,hot analog tense aggressive distorted,verb
失控,Out-of-control,hot analog tense aggressive distorted,verb
暴走,Rampage,hot analog tense aggressive distorted,verb
横冲直撞,Reckless,hot analog tense aggressive distorted,adjective
驱动,Driving,hot analog tense aggressive distorted,noun
推进,Pushing,hot analog tense aggressive distorted,verb
冲刺,Sprint,hot analog tense aggressive distorted,verb
加速,Accelerate,hot analog tense aggressive distorted,verb
能量,Energetic,hot analog tense aggressive distorted,verb
动力,Dynamic,hot analog tense aggressive distorted,verb
脉冲,Pulse,hot analog tense aggressive distorted,verb
心跳,Heartbeat,hot analog tense aggressive distorted,verb
摇滚,Rock,hot analog tense aggressive distorted,noun
金属,Metal,hot analog tense aggressive distorted,noun
朋克,Punk,hot analog tense aggressive distorted,verb
硬核,Hardcore,hot analog tense aggressive distorted,adjective
重金属,Heavy-metal,hot analog tense aggressive distorted,noun
死亡金属,Death-metal,hot analog tense aggressive distorted,noun
低音,Bass,hot analog tense aggressive distorted,noun
次低音,Sub-bass,hot analog tense aggressive distorted,noun
震动,Vibrate,hot analog tense aggressive distorted,verb
颤抖,Shake,hot analog tense aggressive distorted,verb
地震,Earthquake,hot analog tense aggressive distorted,adjective
隆隆,Boom,hot analog tense aggressive distorted,verb
贴耳,Intimate,,adjective
近距,Close-up,,noun
贴近,Proximate,,adjective
靠近,Near,,noun
干涩,Bone-dry,,adjective
干燥,Arid,,adjective
无混响,Anechoic,,noun
死寂,Dead,,adjective
录音棚,Studio-like,,noun
隔音,Soundproofed,,adjective
幽闭,Claustrophobic,,verb
狭窄,Narrow,,adjective
逼仄,Cramped,,noun
局促,Confined,,noun
闷热,Stuffy,,adjective
窒息,Suffocating,,verb
盒装,Boxy,,noun
柜子,Cabinet-like,,noun
衣柜,Closet-like,,noun
抽屉,Drawer-like,,noun
小房间,Small-room,,noun
浴室,Bathroom-like,,noun
电话,Telephone-like,,adjective
对讲机,Walkie-talkie,,verb
收音机,Radio-like,,noun
低质,Lo-fi-space,,noun
压缩,Compressed,,verb
扁平,Flat,,adjective
单薄,Thin-space,,noun
无深度,Depthless,,adjective
混响,Reverberant,,noun
回声,Echoey,,noun
回荡,Reverberating,,noun
大厅,Hall-like,,noun
音乐厅,Concert-hall,,noun
剧院,Theater-like,,verb
礼堂,Auditorium,,noun
教堂,Church-like,,noun
大教堂,Cathedral,,noun
穹顶,Domed,,adjective
圆顶,Vaulted,,adjective
拱形,Arched,,verb
石室,Stone-chamber,,noun
地下室,Basement,,noun
地窖,Cellar,,noun
隧道,Tunnel-like,,noun
管道,Pipe-like,,verb
金属管,Tubular,,verb
走廊,Corridor,,noun
过道,Hallway,,noun
楼梯间,Stairwell,,noun
电梯井,Elevator-shaft,,noun
回廊,Cloister,,noun
中庭,Atrium,,noun
仓库,Warehouse,,noun
工厂,Factory-like,,noun
车库,Garage-like,,noun
停车场,Parking-lot,,noun
体育馆,Gymnasium,,noun
清晰,Present,,noun
直接,Direct,,verb
聚焦,Focused,,verb
锐利,Sharp-space,,noun
前置,Upfront,,noun
突出,Prominent,,noun
明确,Defined,,adjective
清楚,Articulate,,noun
分明,Distinct,,adjective
透彻,Transparent-space,,noun
广角,Wide-angle,,noun
宽幅,Wide-spread,,adjective
展开,Spread-out,,verb
平坦,Flat-field,,noun
平原,Plain-like,,adjective
草地,Meadow-like,,noun
田野,Field-like,,noun
户外近景,Outdoor-close,,noun
露天,Open-air,,noun
阳台,Balcony,,noun
露台,Terrace,,noun
庭院,Courtyard,,noun
花园,Garden,,noun
公园,Park-like,,noun
街道,Street-level,,noun
城市,Urban,,noun
市区,Downtown,,noun
巷子,Alley,,noun
广场近景,Plaza-close,,noun
操场,Playground,,noun
扩散,Diffused,,noun
弥漫,Permeating,,verb
散射,Scattered,,verb
遥远,Distant,,noun
远方,Far-away,,noun
天边,Horizon,,noun
辽阔,Vast,,noun
无垠,Endless-space,,noun
宏大,Grand,,adjective
壮阔,Magnificent,,adjective
环境,Environmental,,noun
沉浸,Immersive,,adjective
包围,Enveloping,,noun
环绕,Surrounding,,noun
360度,Surround,,noun
全景,Panoramic,,noun
立体,Stereo-field,,noun
峡谷,Canyon,,noun
山谷,Valley,,noun
山脉,Mountain-range,,noun
高原,Plateau,,noun
沙漠,Desert,,noun
荒野,Wilderness,,noun
森林,Forest,,noun
丛林,Jungle,,noun
海洋,Ocean,,noun
深海,Deep-sea,,noun
中等距离,Medium-distance,,noun
适中,Moderate,,adjective
自然空间,Natural-space,,noun
房间,Room-sized,,noun
客厅,Living-room,,noun
卧室,Bedroom,,noun
办公室,Office-like,,noun
会议室,Conference-room,,noun
教室,Classroom,,noun
图书馆,Library-like,,noun
咖啡馆,Cafe-like,,noun
餐厅,Restaurant,,noun
酒吧,Bar-like,,noun
俱乐部,Club-like,,noun
地铁,Subway,,noun
火车站,Train-station,,noun
机场,Airport,,noun
候机厅,Terminal,,noun
购物中心,Mall,,noun
超市,Supermarket,,noun
医院,Hospital-like,,noun
学校,School-like,,noun
博物馆,Museum,,noun
画廊,Gallery,,adjective
实验室,Laboratory,,noun
温室,Greenhouse,,noun
水族馆,Aquarium,,noun
动物园,Zoo-like,,noun
游乐场,Amusement-park,,noun
电影院,Cinema,,verb
风声,Wind,,verb
微风,Breeze,,adjective
狂风,Gale,,noun
暴风,Storm,wind,verb
呼啸风,Howling,wind,verb
阵风,Gust,,verb
气流,Draft,,noun
雨声,Rain,,noun
细雨,Drizzle,,noun
暴雨,Downpour,,noun
雷雨,Thunderstorm,,verb
冰雹,Hail,,verb
暴风雪,Blizzard,,noun
雪暴,Snowstorm,,verb
树叶,Leaves,,noun
树枝,Branches,,noun
灌木,Bushes,,noun
河流,River,,noun
溪流,Stream,,verb
瀑布,Waterfall,,verb
潮汐,Tides,,noun
海滩,Beach,,noun
洞穴环境,Cave,ambience,noun
山脉,Mountain,,noun
沼泽,Swamp,,noun
火焰,Fire,,verb
篝火,Campfire,,noun
壁炉,Fireplace,,noun
烈焰,Blaze,,noun
余烬,Embers,,noun
燃烧,Burning,,verb
火把,Torch,,noun
鸟鸣,Birdsong,,noun
虫鸣,Insects,,noun
蛙叫,Frogs,,noun
蝉鸣,Cicadas,,noun
蟋蟀,Crickets,,verb
呼吸,Breathing,,adjective
喘息,Panting,,verb
叹息,Sighing,,adjective
鼾声,Snoring,,adjective
地下空间,Underground,,noun
深渊氛围,Abyss,ambience,noun
空旷野外,Open,field,noun
环境音,Ambience,,noun
房间底噪,Room,Tone,noun
城市环境,City,ambience,noun
交通声,Traffic,,adjective
人群声,Crowd,,verb
掌声,Applause,,adjective
欢呼,Cheer,,adjective
笑声,Laugh,,adjective
长音低鸣,Drone,,noun
气泡,Bubble,,verb
流动,Flow,,verb
倾倒,Pour,,noun
水,Water,,noun
溅水,Splash,,noun
滴水,Drip,,verb
潜入,Submerge,,noun
急流,Torrent,,adjective
细流,Trickle,,verb
波浪,Wave,,verb
沸腾,Boil,,verb
咕噜声,Gurgle,,noun
涟漪,Ripple,,verb
晃动溅泼,Slosh,,adjective
喷洒,Spray,,verb
洒水器,Sprinkler,,verb
喷射,Squirt,,noun
浪涌汹涌,Surge,,noun
漩涡,Swirl,,noun
冲刷,Wash,,noun
点火,Ignite,,verb
闪电,Lightning,,verb
雾环境音,Fog,,adjective
飓风,Hurricane,,verb
龙卷风,Tornado,,adjective
咀嚼咬合,Chomp,,verb
农场,Farm,,adjective
港口,Harbor,,noun
公园,Park,,noun
脚步,Footsteps,,verb
跑步,Running,,adjective
跳跃,Jumping,,verb
着地,Landing,,verb
踩踏,Stomping,,verb
拳击,Punch,,verb
掌掴,Slap,,verb
踢打,Kick,,verb
摔倒,Body,fall,noun
翻滚,Tumbling,,verb
木头碎裂,Wood,break,adjective
树枝折断,Branch,snap,noun
骨折,Bone,crack,verb
关节响,Joint,pop,noun
脖子扭动,Neck,twist,noun
陶瓷破碎,Ceramic,break,noun
石头碰撞,Stone,impact,noun
岩石崩塌,Rockslide,,noun
碎石,Gravel,crunch,noun
布料撕裂,Cloth,tear,noun
纸张,Paper,,noun
绳索,Rope,,noun
链条,Chains,,noun
门开关,Door,,noun
抽屉,Drawer,,noun
柜子,Cabinet,,noun
窗户,Window,,noun
锁扣,Lock,,noun
浸入,Submersion,,noun
溅射,Splatter,,noun
切菜,Chopping,,adjective
烹饪,Cooking,,noun
煎炸,Frying,,noun
沸腾锅,Boiling,pot,verb
倒酒,Pouring,drink,verb
撞击,Hit,,verb
闷响,Thud,,verb
粉碎,Smash,,verb
倒地,Bodyfall,,adjective
塑料撞击,Plastic,impact,noun
混凝土撞击,Concrete,impact,noun
肉体撞击,Flesh,impact,noun
沥青,Asphalt,,noun
砖块,Brick,,noun
纸板,Cardboard,,noun
泥土尘土,Dirt,,adjective
织物,Fabric,,noun
枝叶植被,Foliage,,noun
油毡地板革,Linoleum,,adjective
大理石,Marble,,noun
泥浆,Mud,,adjective
瓷器,Porcelain,,noun
橡胶,Rubber,,noun
沙子,Sand,,noun
雪,Snow,,adjective
瓷砖,Tile,,noun
薄金属,Tin,,noun
反弹,Bounce,,verb
崩塌碎裂,Crumble,,adjective
哑弹闷响,Dud,,verb
擦过掠过,Glance,,noun
跳弹反弹,Ricochet,,adjective
粉碎玻璃,Shatter,,verb
裂片木头,Splinter,,verb
呼啸嗖声,Whoosh,,noun
飞掠声,Swoosh,,noun
挥动声,Swish,,adjective
飞驰而过,Pass,by,noun
飞越,Flyby,,noun
多普勒效应,Doppler,,verb
沙沙声摩擦声,Rustle,,noun
滑动,Slide,,verb
刮擦,Scrape,,adjective
拖拽,Drag,,verb
嘎吱声,Creak,,adjective
咔嗒声震动声,Rattle,,verb
掉落,Drop,,verb
攀爬,Climb,,adjective
爬行,Crawl,,verb
潜水俯冲,Dive,,noun
跌落,Fall,,verb
拍打翅膀布料,Flap,,noun
轻弹,Flick,,adjective
滑翔,Glide,,verb
抓取,Grab,,adjective
滚动,Roll,,verb
奔跑,Run,,adjective
手脚并用攀爬,Scramble,,adjective
急促跑动小生物,Scurry,,adjective
拖着脚走,Shuffle,,verb
旋转,Spin,,verb
游泳,Swim,,noun
摆动,Swing,,verb
投掷,Throw,,verb
踮脚尖,Tiptoe,,noun
行走,Walk,,verb
喷雾剂,Aerosol,,adjective
包袋子,Bag,,noun
气球,Balloon,,verb
铃铛,Bell,,noun
书本,Book,,noun
瓶盖,Bottle,Cap,noun
盒子箱子,Box,,noun
水桶,Bucket,,noun
相机,Camera,,noun
卡片,Card,,noun
现金,Cash,,noun
粉笔,Chalk,,noun
香烟,Cigarette,,noun
硬币,Coin,,noun
软木塞,Cork,,noun
信用卡,Credit,Card,noun
骰子,Dice,,adjective
手套,Glove,,noun
珠宝首饰,Jewelry,,noun
钥匙,Key,,noun
打火机,Lighter,,adjective
钱,Money,,noun
按笔声,Pen,Click,noun
手机,Phone,,adjective
手提包,Purse,,noun
行李箱,Suitcase,,noun
玩具,Toy,,noun
雨伞,Umbrella,,noun
魔术贴,Velcro,,adjective
钱包,Wallet,,noun
口哨,Whistle,,noun
拉链,Zipper,,noun
飞船待机,Spaceship,idle,noun
引擎轰鸣,Engine,hum,noun
推进器,Thruster,,noun
反应堆,Reactor,,noun
核心,Core,hum,noun
力场,Force,field,noun
护盾,Shield,,adjective
能量罩,Energy,dome,noun
屏障,Barrier,,noun
防护,Protection,field,noun
电流,Electric,current,noun
电弧,Arc,,adjective
电磁,Electromagnetic,,noun
高压,High,voltage,adjective
雷达,Radar,,noun
声呐,Sonar,,noun
探测,Detection,,noun
扫描,Scanning,,noun
合成铺底,Synth,pad,noun
机械呼吸,Mech,breathing,noun
液压待机,Hydraulic,idle,verb
气压,Pneumatic,,verb
外星氛围,Alien,ambience,noun
异世界,Otherworldly,,adjective
虫洞,Wormhole,,noun
超空间,Hyperspace,,noun
次元裂隙,Dimensional,rift,noun
恐怖氛围,Horror,drone,adjective
惊悚氛围,Suspense,drone,noun
紧张氛围,Tension,drone,adjective
不安氛围,Unease,drone,adjective
诡异氛围,Eerie,drone,adjective
工厂,Factory,,noun
机械装置,Machinery,,adjective
机制,Mechanism,,noun
加工,Processing,,verb
生产,Production,,noun
轴承,Bearing,,noun
皮带,Belt,,noun
链条工业,Chain,,noun
齿轮小,Cog,,noun
压缩机,Compressor,,verb
传送带,Conveyor,,noun
起重机,Crane,,noun
气缸,Cylinder,,noun
风扇排气扇,Fan,,noun
齿轮,Gear,,adjective
发电机,Generator,,noun
杠杆拉杆,Lever,,noun
马达,Motor,,noun
活塞,Piston,,verb
泵,Pump,,verb
滑轮,Pulley,,noun
棘轮,Ratchet,,noun
机械臂,Robot,Arm,noun
转子,Rotor,,noun
伺服电机,Servo,,adjective
弹簧,Spring,,noun
蒸汽,Steam,,noun
储罐,Tank,,verb
涡轮,Turbine,,noun
通风口,Vent,,noun
嗡嗡声,Hum,,noun
呼呼声旋转,Whir,,noun
科幻,Sci,Fi,noun
激光,Laser,,adjective
等离子,Plasma,,verb
充能,Power,Up,noun
传送,Teleport,,adjective
机器人,Droid,,noun
变形,Transformation,,verb
警报科幻,Alarm,scifi,adjective
电脑主机,Computer,,adjective
生化人,Cyborg,,adjective
对接,Docking,,noun
全息图,Hologram,,adjective
超空间引擎,Hyperdrive,,noun
接口,Interface,,adjective
故障科幻,Malfunction,scifi,verb
纳米机器人,Nanobot,,noun
跃迁,Warp,,adjective
遥测信号,Telemetry,,adjective
光束,Beam,,noun
粒子束,Particle,beam,noun
离子,Ion,blast,noun
UI点击,UI,click,noun
通知音,Notification,,adjective
成功,Success,,adjective
变形机械,Morph,mech,adjective
组装,Assembly,,noun
分解,Disassembly,,verb
折叠,Folding,mech,verb
系统崩溃,System,crash,noun
瞬移,Blink,,verb
相位,Phase,shift,adjective
量子,Quantum,,noun
枪,Gun,,verb
射击,Shot,,verb
换弹,Reload,,noun
弹壳,Shell,,adjective
子弹,Bullet,,verb
爆炸,Explosion,,verb
爆破,Blast,,verb
碎片残骸,Debris,,noun
剑,Sword,,verb
刀,Knife,,adjective
匕首,Dagger,,adjective
入鞘,Sheath,,noun
出鞘,Unsheath,,adjective
突击步枪,Assault,Rifle,verb
全自动,Automatic,,adjective
栓动,Bolt,Action,noun
加农炮,Cannon,,noun
上膛,Cocking,,adjective
空枪击空,Dry,Fire,adjective
操作拿取,Handling,,verb
收枪入套,Holster,,noun
弹匣,Magazine,,noun
手枪,Pistol,,verb
左轮手枪,Revolver,,verb
步枪,Rifle,,verb
保险开关,Safety,,adjective
半自动,Semi,Auto,noun
散弹枪,Shotgun,,verb
消音器,Silencer,,adjective
狙击枪,Sniper,,verb
抑制器,Suppressor,,noun
扳机,Trigger,,verb
塑胶炸药,C4,,noun
引爆,Detonate,,verb
引信导火索,Fuse,,noun
手榴弹,Grenade,,verb
地雷,Mine,,noun
导弹,Missile,,verb
火箭,Rocket,,noun
弹片,Shrapnel,,adjective
斧头,Axe,,verb
球棒,Bat,,verb
格挡,Block,,noun
钝器,Blunt,,verb
棍棒,Club,,noun
撬棍,Crowbar,,noun
拳头,Fist,,verb
战锤,Hammer,,noun
武士刀,Katana,,noun
砍刀,Machete,,adjective
招架,Parry,,noun
长矛,Spear,,verb
法杖长棍,Staff,,noun
鞭子,Whip,,verb
箭,Arrow,,noun
弓,Bow,,noun
弩,Crossbow,,noun
拉弓,Draw,,noun
箭羽声,Feather,,noun
箭袋,Quiver,,noun
弓弦,String,,noun
选择,Select,,noun
确认,Confirm,,verb
取消,Cancel,,adjective
返回,Back,,noun
拒绝,Deny,,adjective
哔声,Beep,,adjective
短促信号音,Blip,,noun
关闭,Close,,verb
减少,Decrease,,adjective
装备,Equip,,noun
失败,Fail,,verb
悬停,Hover,,verb
增加,Increase,,verb
升级,Level,Up,noun
登录,Login,,noun
登出,Logout,,noun
菜单,Menu,,noun
消息,Message,,noun
最小化,Minimize,,noun
最大化,Maximize,,noun
暂停,Pause,,adjective
播放,Play,,verb
购买,Purchase,,adjective
保存,Save,,adjective
滚动,Scroll,,verb
切换开关,Toggle,,verb
打字字幕显示,Typing,,noun
强化,Upgrade,,noun
共振,Resonance,,verb
颤动,Vibration,,verb
充能通用,Charge,,verb
释放,Release,,noun
激活,Activate,,verb
关闭通用,Deactivate,,adjective
重复,Repeat,,verb
节奏,Rhythm,,verb
节拍,Beat,,verb
汽车,Car,,noun
启动汽车,Start,car,noun
怠速,Idle,,adjective
轰油门,Rev,,noun
刹车,Brake,,noun
打滑漂移,Skid,,verb
喇叭,Horn,,noun
警笛,Siren,,adjective
轮胎,Tire,,noun
飞机,Airplane,,noun
救护车,Ambulance,,adjective
自行车,Bicycle,,noun
船,Boat,,noun
公交车,Bus,,verb
直升机,Helicopter,,verb
喷气机,Jet,,noun
摩托车,Motorcycle,,noun
警车,Police,Car,adjective
赛车,Race,Car,verb
轮船,Ship,,noun
潜水艇,Submarine,,noun
火车,Train,,noun
卡车,Truck,,noun
换挡,Gearshift,,adjective
手刹,Handbrake,,verb
引擎盖,Hood,,noun
转向灯,Indicator,,adjective
安全带,Seatbelt,,verb
后备箱,Trunk,,noun
雨刮器,Wiper,,adjective
出发离开,Depart,,verb
驶过,Drive,By,verb
鸣笛,Honk,,adjective
降落,Land,,noun
起飞,Takeoff,,verb
滑行,Taxi,,noun
烧胎,Burnout,,adjective
转弯,Corner,,noun
巡航,Cruise,,noun
急加速起步,Peel,Out,adjective
倒车,Reverse,,noun
熄火,Stall,,verb
转向,Turn,,verb
湮灭,Annihilate,physical destruction impact,adjective
原子化,Atomize,physical destruction impact,adjective
破碎,Break,physical destruction impact,verb
燃烧,Burn,physical destruction impact,verb
倒塌,Collapse,physical destruction impact,verb
腐蚀,Corrode,physical destruction impact,noun
衰败,Decay,physical destruction impact,verb
变形,Deform,physical destruction impact,noun
拆毁,Demolish,physical destruction impact,adjective
瓦解,Disintegrate,physical destruction impact,verb
溶解,Dissolve,physical destruction impact,verb
侵蚀,Erode,physical destruction impact,noun
爆炸,Explode,physical destruction impact,verb
内爆,Implode,physical destruction impact,noun
焚化,Incinerate,physical destruction impact,verb
熔化,Melt,physical destruction impact,verb
粉碎,Pulverize,physical destruction impact,noun
破裂,Rupture,physical destruction impact,noun
切断,Sever,physical destruction impact,noun
切碎,Shred,physical destruction impact,verb
汽化,Vaporize,physical destruction impact,noun
连接,Attach,physical foley transient,noun
弯曲,Bend,physical foley transient,verb
捆绑,Bind,physical foley transient,noun
接住,Catch,physical foley transient,verb
扣紧,Clasp,physical foley transient,noun
压缩,Compress,physical foley transient,verb
连接,Connect,physical foley transient,adjective
裂开,Crack,physical foley transient,verb
弄皱,Crumple,physical foley transient,adjective
压碎,Crush,physical foley transient,noun
分离,Detach,physical foley transient,noun
断开,Disconnect,physical foley transient,adjective
膨胀,Expand,physical foley transient,verb
伸展,Extend,physical foley transient,noun
固定,Fasten,physical foley transient,verb
折叠,Fold,physical foley transient,verb
摩擦,Friction,physical foley transient,verb
紧握,Grip,physical foley transient,verb
铰链转动,Hinge,physical foley transient,noun
充气,Inflate,physical foley transient,noun
插入,Insert,physical foley transient,noun
接合,Join,physical foley transient,noun
门闩锁住,Latch,physical foley transient,verb
举起,Lift,physical foley transient,verb
捏,Pinch,physical foley transient,adjective
插入插头,Plug,physical foley transient,verb
戳,Poke,physical foley transient,noun
拉,Pull,physical foley transient,verb
推,Push,physical foley transient,verb
撕裂,Rip,physical foley transient,verb
摩擦,Rub,physical foley transient,noun
抓,Scratch,physical foley transient,adjective
拧螺丝,Screw,physical foley transient,verb
折断,Snap,physical foley transient,noun
挤压,Squeeze,physical foley transient,adjective
堆叠,Stack,physical foley transient,noun
拉伸,Stretch,physical foley transient,adjective
抚摸,Stroke,physical foley transient,verb
拧紧,Tighten,physical foley transient,verb
触摸,Touch,physical foley transient,verb
扭转,Twist,physical foley transient,verb
展开,Unfold,physical foley transient,adjective
解锁,Unlock,physical foley transient,noun
旋松,Unscrew,physical foley transient,noun
拉开拉链,Unzip,physical foley transient,verb
擦拭,Wipe,physical foley transient,verb
包裹,Wrap,physical foley transient,verb
拉拉链,Zip,physical foley transient,verb
淹没,Flood,organic liquid ambient,noun
起泡,Froth,organic liquid ambient,noun
涌出,Gush,organic liquid ambient,verb
泄漏,Leak,organic liquid ambient,verb
渗出,Ooze,organic liquid ambient,adjective
冲洗,Rinse,organic liquid ambient,noun
吸食声,Slurp,organic liquid ambient,verb
浸泡,Soak,organic liquid ambient,noun
溢出,Spill,organic liquid ambient,verb
啪嗒声(湿物),Splat,organic liquid ambient,noun
喷雾,Spritz,organic liquid ambient,noun
吧唧声(踩泥),Squelch,organic liquid ambient,noun
上下浮动,Bob,physical movement transient,noun
倾斜疾行,Careen,physical movement transient,noun
飞奔,Dart,physical movement transient,verb
猛冲,Dash,physical movement transient,verb
弹出,Eject,physical movement transient,verb
进入,Enter,physical movement transient,noun
退出,Exit,physical movement transient,verb
漂浮,Float,physical movement transient,verb
拍打,Flutter,physical movement transient,noun
飞奔(马),Gallop,physical movement transient,verb
停顿,Halt,physical movement transient,verb
发射,Launch,physical movement transient,noun
轨道运行,Orbit,physical movement transient,noun
震荡,Oscillate,physical movement transient,verb
枢轴转动,Pivot,physical movement transient,noun
推进,Propel,physical movement transient,noun
脉动,Pulsate,physical movement transient,noun
后坐力,Recoil,physical movement transient,noun
收回,Retract,physical movement transient,noun
旋转,Rotate,physical movement transient,verb
驱散,Scatter,physical movement transient,noun
颤抖,Shiver,physical movement transient,noun
滑行(蛇),Slither,physical movement transient,noun
螺旋,Spiral,physical movement transient,verb
摇摆,Sway,physical movement transient,verb
倾斜,Tilt,physical movement transient,verb
震颤,Tremble,physical movement transient,verb
翻滚,Tumble,physical movement transient,verb
摇摆行走(鸭子),Waddle,physical movement transient,noun
漫游,Wander,physical movement transient,verb
扭动,Wiggle,physical movement transient,adjective
摇晃,Wobble,physical movement transient,verb
生物,Creature,organic creature,noun
呼吸,Breath,organic creature,adjective
粘液,Slime,organic creature,adjective
浴缸,Bath,domestic foley transient,noun
冲水,Flush,domestic foley transient,verb
淋浴,Shower,domestic foley transient,noun
水槽,Sink,domestic foley transient,verb
肥皂,Soap,domestic foley transient,adjective
马桶,Toilet,domestic foley transient,noun
牙刷,Toothbrush,domestic foley transient,adjective
毛巾,Towel,domestic foley transient,adjective
搅拌机,Blender,kitchen foley transient,noun
碗,Bowl,kitchen foley transient,verb
罐头,Can,kitchen foley transient,verb
切菜,Chop,kitchen foley transient,adjective
咖啡,Coffee,kitchen foley transient,noun
杯子,Cup,kitchen foley transient,noun
餐具,Cutlery,kitchen foley transient,adjective
盘子,Dish,kitchen foley transient,adjective
洗碗机,Dishwasher,kitchen foley transient,noun
嘶嘶起泡,Fizz,kitchen foley transient,noun
叉子,Fork,kitchen foley transient,verb
冰箱,Fridge,kitchen foley transient,noun
煎炸,Fry,kitchen foley transient,verb
研磨,Grind,kitchen foley transient,adjective
冰块,Ice,kitchen foley transient,noun
水壶,Kettle,kitchen foley transient,verb
微波炉,Microwave,kitchen foley transient,noun
搅拌器,Mixer,kitchen foley transient,noun
马克杯,Mug,kitchen foley transient,noun
烤箱,Oven,kitchen foley transient,noun
平底锅,Pan,kitchen foley transient,noun
餐盘,Plate,kitchen foley transient,noun
锅,Pot,kitchen foley transient,noun
冷藏箱,Refrigerator,kitchen foley transient,noun
滋滋声(油炸),Sizzle,kitchen foley transient,verb
勺子,Spoon,kitchen foley transient,adjective
炉灶,Stove,kitchen foley transient,noun
茶,Tea,kitchen foley transient,noun
计时器,Timer,kitchen foley transient,verb
烤面包,Toast,kitchen foley transient,noun
烤面包机,Toaster,kitchen foley transient,noun
电池,Battery,utility tool transient,adjective
电钻,Drill,utility tool transient,adjective
梯子,Ladder,utility tool transient,noun
火柴,Match,utility tool transient,verb
钉子,Nail,utility tool transient,adjective
钳子,Plier,utility tool transient,noun
螺丝刀,Screwdriver,utility tool transient,noun
工具,Tool,utility tool transient,noun
洗衣机,Washing,Machine utility tool transient,noun
扳手,Wrench,utility tool transient,verb
砰,Bang,impact physical transient,verb
重击,Bash,impact physical transient,adjective
连续猛打,Batter,impact physical transient,verb
敲头声,Bonk,impact physical transient,adjective
碰撞,Bump,impact physical transient,verb
当,Clang,impact physical transient,noun
哗啦声,Clatter,impact physical transient,noun
相撞,Collide,impact physical transient,verb
凹陷声,Dent,impact physical transient,adjective
叮,Ding,impact physical transient,verb
敲击,Knock,impact physical transient,verb
锤击,Pound,impact physical transient,adjective
急敲,Rap,impact physical transient,noun
猛关,Slam,impact physical transient,verb
啪,Smack,impact physical transient,verb
打击,Strike,impact physical transient,verb
轻敲,Tap,impact physical transient,noun
重击,Thump,impact physical transient,verb
猛揍,Wallop,impact physical transient,noun
重打,Whack,impact physical transient,verb
故障,Breakdown,industrial mechanical sustained,verb
当啷声,Clank,industrial mechanical sustained,noun
沉闷金属声,Clunk,industrial mechanical sustained,adjective
过载,Overload,industrial mechanical sustained,verb
处理中,Process,industrial mechanical sustained,verb
关机,Shutdown,industrial mechanical sustained,verb
火花,Spark,industrial mechanical sustained,noun
停止,Stop,industrial mechanical sustained,noun
开关,Switch,industrial mechanical loop,verb
推土机,Bulldozer,industrial construction mechanical,noun
水泥,Cement,industrial construction mechanical,noun
电锯,Chainsaw,industrial construction mechanical,adjective
建筑施工,Construction,industrial construction mechanical,adjective
拆除,Demolition,industrial construction mechanical,verb
挖掘,Dig,industrial construction mechanical,noun
挖掘机,Excavator,industrial construction mechanical,noun
叉车,Forklift,industrial construction mechanical,verb
风钻,Jackhammer,industrial construction mechanical,noun
打桩机,Pile,Driver industrial construction mechanical,noun
打磨机,Sander,industrial construction mechanical,adjective
脚手架,Scaffolding,industrial construction mechanical,noun
铲子,Shovel,industrial construction mechanical,adjective
焊接,Welding,industrial construction mechanical,noun
发牌,Deal,game ui digital transient,verb
筹码,Chip,game ui digital transient,noun
国际象棋,Chess,game ui digital transient,noun
棋盘游戏,Board,Game game ui digital transient,noun
棋子,Piece,game ui digital transient,noun
老虎机,Slot,Machine game ui digital transient,noun
大奖音效,Jackpot,game ui digital transient,noun
弹珠台,Pinball,game ui digital transient,noun
电子游戏,Video,Game game ui digital transient,adjective
游戏机,Console,game ui digital transient,noun
手柄,Controller,game ui digital transient,noun
摇杆,Joystick,game ui digital transient,verb
街机,Arcade,game ui digital transient,adjective
跳跃,Jump,movement transient,verb
火焰,Flame,organic fire ambient,verb
篝火,Bonfire,organic fire ambient,verb
燃烧器,Burner,organic fire ambient,adjective
余烬,Ember,organic fire ambient,adjective
火球,Fireball,organic fire ambient,verb
信号弹,Flare,organic fire ambient,adjective
烈火,Inferno,organic fire ambient,adjective
烧焦,Scorch,organic fire ambient,adjective
灼烧,Searing,organic fire ambient,verb
烟雾,Smoke,organic fire ambient,noun
烟花棒,Sparkler,organic fire ambient,noun
水下,Underwater,organic water ambient,noun
排水,Drain,organic water ambient,verb
投入水中,Plunge,organic water ambient,verb
喘气,Gas,organic air transient,noun
呼气,Huff,organic air transient,verb
喷气,Puff,organic air transient,noun
叹气,Sigh,organic air transient,adjective
吸鼻子,Sniff,organic air transient,adjective
喷嚏,Sneeze,organic air transient,verb
轻吹,Whiff,organic air transient,noun
嗖嗖声(高速),Whizz,organic air transient,noun
变焦,Zoom,organic air transient,adjective
砰(重击),Bam,impact dull transient,noun
轻打,Bop,impact dull transient,noun
扑通声(重物),Plonk,impact dull transient,noun
砰(剧烈撞击),Wham,impact dull transient,noun
扑通(沉闷),Whump,impact dull transient,noun
扑通(入水),Plop,organic liquid transient,noun
喷溅,Splutter,organic liquid transient,noun
吧唧声(挤压),Squish,organic liquid transient,adjective
叮当声(轻金属,Clink,metal glass impact transient,adjective
钟鸣,Chime,metal glass impact transient,noun
咚(钟声),Dong,metal glass impact transient,noun
叮叮当当(碎响),Jingle,metal glass impact transient,noun
刺耳金属声,Jangle,metal glass impact transient,noun
铃声,Ring,metal glass impact transient,noun
丁零声(细微),Tinkle,metal glass impact transient,noun
拨弦声,Twang,metal glass impact transient,noun
呼啸声(子弹,Zing,metal glass impact transient,noun
运球,Dribble,sports action transient,noun
发球,Serve,sports action transient,verb
扣杀,Spike,sports action transient,verb
拦截,Tackle,sports action transient,verb
补中(保龄球),Spare,sports action transient,noun
篮球,Basketball,sports ball transient,verb
棒球,Baseball,sports ball transient,verb
足球,Football,sports ball transient,verb
足球,Soccer,sports ball transient,noun
网球,Tennis,sports ball transient,verb
高尔夫,Golf,sports ball transient,verb
排球,Volleyball,sports ball transient,verb
保龄球,Bowling,sports ball transient,verb
乒乓球,Ping,Pong sports ball transient,adjective
台球,Billiards,sports ball transient,noun
台球(花式),Pool,sports ball transient,noun
球拍,Racket,sports equipment transient,verb
捕手手套,Mitt,sports equipment transient,noun
球网,Net,sports equipment transient,noun
篮筐,Rim,sports equipment transient,noun
篮板,Backboard,sports equipment transient,noun
记分牌,Scoreboard,sports equipment transient,adjective
跑步机,Treadmill,gym equipment transient,adjective
哑铃,Weights,gym equipment transient,adjective
杠铃,Barbell,gym equipment transient,noun
哑铃,Dumbbell,gym equipment transient,noun
沙袋,Punching,Bag gym equipment transient,verb
垫子,Mat,gym equipment transient,noun
滑板,Skateboard,skate action transient,verb
旱冰鞋,Rollerblade,skate action transient,verb
单板滑雪,Snowboard,skate action transient,verb
双板滑雪,Ski,skate action transient,verb
豚跳,Ollie,skate action transient,verb
轮子滚声,Wheel,skate action transient,verb
吹叶机,Blower,garden tool transient,verb
软管,Hose,garden tool transient,verb
割草机,Lawnmower,garden tool transient,adjective
耙子,Rake,garden tool transient,noun
大剪刀,Shears,garden tool transient,adjective
修剪机,Trimmer,garden tool transient,verb
独轮车,Wheelbarrow,garden tool transient,verb
铁砧,Anvil,workshop tool transient,verb
凿子,Chisel,workshop tool transient,noun
夹具,Clamp,workshop tool transient,verb
锉刀,File,workshop tool transient,noun
砂轮机,Grinder,workshop tool transient,adjective
车床,Lathe,workshop tool transient,noun
木槌,Mallet,workshop tool transient,noun
卷尺,Measuring,Tape workshop tool transient,noun
螺母,Nut,workshop tool transient,noun
油漆,Paint,workshop tool transient,noun
调色板,Palette,workshop tool transient,noun
刨子,Plane,workshop tool transient,noun
钳子,Pliers,workshop tool transient,noun
电烙铁,Soldering,Iron workshop tool transient,noun
扳手(英式),Spanner,workshop tool transient,noun
射钉枪,Staple,Gun workshop tool transient,noun
工具箱,Toolbox,workshop tool transient,noun
台虎钳,Vice,workshop tool transient,noun
焊机,Welder,workshop tool transient,noun
转向灯,Blinker,vehicle mechanical transient,noun
引擎盖(英式),Bonnet,vehicle mechanical transient,noun
后备箱(英式),Boot,vehicle mechanical transient,noun
仪表盘,Dashboard,vehicle mechanical transient,noun
排气,Exhaust,vehicle mechanical transient,adjective
车库,Garage,vehicle mechanical transient,noun
把手,Handle,vehicle mechanical transient,verb
轮毂盖,Hubcap,vehicle mechanical transient,noun
点火装置,Ignition,vehicle mechanical transient,noun
消声器,Muffler,vehicle mechanical transient,noun
踏板,Pedal,vehicle mechanical transient,verb
车载收音机,Radio,vehicle mechanical transient,noun
座椅,Seat,vehicle mechanical transient,noun
悬挂,Suspension,vehicle mechanical transient,verb
变速箱,Transmission,vehicle mechanical transient,adjective
挡风玻璃,Windshield,vehicle mechanical transient,noun
单车,Bike,vehicle engine transient,noun
直升机(俗称),Chopper,vehicle engine transient,noun
卡车(英式),Lorry,vehicle engine transient,noun
有轨电车,Tram,vehicle engine transient,verb
货车,Van,vehicle engine transient,noun
尾羽摩擦,Fletching,weapon archery transient,noun
靶子,Target,weapon archery transient,verb
血腥,Bloody,horror,verb
压抑,Oppressive,dark,adjective
阴森,Sinister,dark,adjective
恐怖,Horrific,serious,verb
惊悚,Thriller,tense,adjective
绝望,Desperate,dark,adjective
冷酷,Cold,blooded cruel,adjective
凶狠,Vicious,attack,adjective
阴暗,Grim,dark,adjective
沉闷,Muffled,dark,verb
令人窒息,Stifling,horror,verb
审讯,Interrogation,dark,noun
犯罪,Criminal,dark,verb
战争废墟,War,ruins destruction,noun
废墟,Ruins,desolate,noun
荒凉,Desolate,horror,adjective
腐朽,Decaying,horror,adjective
锈蚀,Corroded,dark,noun
嘶哑,Hoarse,harsh,adjective
沙哑,Raspy,dark,noun
干裂,Cracked,harsh,verb
撕裂,Tearing,violence,noun
断裂,Snapping,break,verb
崩塌,Collapsing,destruction,verb
轰鸣,Rumbling,ominous,verb
令人毛骨悚然,Creepy,,adjective
邪恶,Evil,,adjective
惊吓,Fright,,adjective
闹鬼,Haunted,,adjective
噩梦,Nightmare,,adjective
恐慌,Panic,,adjective
超自然,Paranormal,,adjective
恐惧,Terror,,adjective
咬,Bite,,adjective
窒息卡住,Choke,,verb
嘎吱碎裂,Crunch,,adjective
刺穿,Impale,,noun
穿刺,Pierce,,noun
猛砍,Slash,,noun
吸血鬼,Vampire,,noun
狼人,Werewolf,,noun
丧尸,Zombie,,adjective
恶魔,Demon,,noun
魔鬼,Devil,,noun
地穴,Crypt,,noun
地牢,Dungeon,,noun
墓地,Cemetery,,adjective
坟场,Graveyard,,adjective
神圣,Sacred,divine,adjective
清新,Fresh,clean,adjective
真实,Authentic,real,adjective
天鹅绒,Velvety,soft,noun
灵性,Spiritual,divine,adjective
冥想,Meditative,calm,adjective
晨曦,Dawn,light,adjective
黄昏,Dusk,peaceful,adjective
竖琴,Harp,angelic,noun
颂钵,Singing,bowl zen,adjective
耳语,Whisper,gentle,adjective
ASMR,ASMR,relaxing,noun
透气,Airy,,adjective
结实,Solid,,noun
甜美,Sweet,,adjective
紧致,Tight,,adjective
有调性,Tonal,,noun
平静,Calm,,adjective
电影感,Cinematic,,verb
戏剧性,Dramatic,,verb
史诗,Epic,,adjective
英雄,Heroic,,verb
神圣感,Holy,,adjective
放松,Relaxing,,adjective
庄严,Solemn,,noun
振奋,Uplifting,,verb
高保真,Hi,Fi,noun
恶作剧,Mischievous,prank,adjective
故障,Glitchy,error,adjective
扭曲,Twisted,weird,verb
怪诞滑稽,Grotesque,bizarre,adjective
滑稽,Comical,dark,verb
荒诞,Absurd,bizarre,adjective
马戏团,Circus,creepy,noun
小丑,Clown,scary,verb
万圣节,Halloween,spooky,noun
南瓜,Pumpkin,halloween,noun
鬼魂,Ghostly,spooky,adjective
幽灵,Spectral,ghost,adjective
哥特,Gothic,dark,noun
酸性,Acidic,harsh,adjective
腐蚀,Corrosive,toxic,noun
毒液,Venomous,toxic,adjective
粘液,Slimy,gross,adjective
比特碎裂,Bitcrushed,glitch,adjective
卡顿,Stuttering,glitch,verb
过载,Overdriven,harsh,verb
低保真,Lo,fi retro,noun
噪音,Noisy,chaotic,adjective
癫狂,Manic,crazy,adjective
神经质,Neurotic,weird,adjective
不稳定,Unstable,glitch,adjective
抽搐,Twitching,weird,verb
闪烁,Flickering,glitch,adjective
蒂姆伯顿,Tim,Burton gothic,noun
嗡嗡作响,Boomy,,verb
咔哒感,Clicky,,verb
沉闷钝,Dull,,adjective
颗粒感,Grainy,,noun
空洞,Hollow,,adjective
振铃余音,Ringing,,noun
粘稠,Sticky,,noun
扭曲变形,Warped,,verb
混叠,Aliasing,,verb
伪影瑕疵,Artifact,,noun
位深破碎,Bitcrush,,adjective
破碎断续,Breakup,,verb
缓冲,Buffer,,adjective
漏洞,Bug,,noun
数据损坏感,Corruption,,noun
切断,Cut,,verb
数据混流,Datamosh,,adjective
降级,Degrade,,verb
模糊法兹,Fuzz,,noun
延迟,Lag,,noun
马赛克,Mosaic,,noun
像素化,Pixelate,,noun
爆音,Pop,,adjective
短路,Short,Circuit,adjective
卡住,Stuck,,adjective
滋电流声,Zap,,noun
可爱,Cute,adorable,adjective
弹跳,Bouncy,fun,noun
魔法,Magical,fantasy,adjective
欢快,Cheerful,happy,adjective
萌,Adorable,cute,noun
俏皮,Playful,fun,verb
活泼,Lively,energetic,adjective
糖果,Candy,sweet,noun
棉花糖,Marshmallow,sweet,noun
泡泡,Bubbly,fun,verb
气泡,Fizzy,bubbly,noun
闪亮,Sparkly,shiny,noun
星光,Starry,magical,noun
童话,Fairy,tale magical,noun
公主,Princess,fantasy,noun
独角兽,Unicorn,magical,noun
彩虹,Rainbow,colorful,adjective
烟花,Fireworks,celebration,verb
庆典,Celebration,happy,verb
胜利,Victory,triumph,noun
奖励,Reward,game,verb
任天堂,Nintendo,game,adjective
8位,8,bit retro game,noun
卡通,Cartoon,animated,noun
动画,Animated,cartoon,verb
Q版,Chibi,cute,noun
蹦蹦跳跳,Hopping,bouncy,verb
软绵绵,Squishy,soft fun,adjective
毛绒,Fluffy,soft,adjective
蓬松,Puffy,soft,noun
果冻,Jelly,bouncy,noun
弹性,Springy,bouncy,noun
橡皮,Rubbery,bouncy,adjective
吸收,Absorb,,verb
奥术,Arcane,,adjective
光环,Aura,,adjective
祝福,Blessing,,adjective
增益,Buff,,adjective
施法,Cast,,verb
吟唱,Chant,,verb
魅惑,Charm,,adjective
召唤变戏法,Conjure,,noun
诅咒,Curse,,adjective
减益,Debuff,,verb
驱散,Dispel,,noun
神圣,Divine,,adjective
魔法粉尘,Dust,,verb
元素,Elemental,,noun
附魔,Enchant,,noun
发光,Glow,,adjective
治疗,Heal,,adjective
幻象,Illusion,,adjective
法力,Mana,,noun
死灵法术,Necromancy,,noun
法球,Orb,,adjective
药水,Potion,,noun
复活,Revival,,adjective
仪式,Ritual,,adjective
符文,Rune,,noun
暗影,Shadow,,adjective
闪耀,Shine,,adjective
灵魂,Soul,,adjective
火花闪烁,Sparkle,,noun
咒语,Spell,,adjective
精神灵体,Spirit,,adjective
召唤,Summon,,noun
念力,Telekinesis,,noun
图腾,Totem,,noun
消失,Vanish,,adjective
魔杖,Wand,,noun
结界守卫,Ward,,noun
奇幻怪诞,Whimsy,,adjective
鬼火小精灵,Wisp,,noun
有趣,Funny,,adjective
快乐,Happy,,adjective
积极,Positive,,adjective
愚蠢搞怪,Silly,,verb
奇怪,Strange,,adjective
怪异,Weird,,adjective
中性,Neutral,balanced,adjective
平衡,Balanced,even,verb
模糊,Ambiguous,unclear,adjective
过渡,Transitional,bridge,verb
混合,Hybrid,mixed,adjective
融合,Fused,blend,noun
渐变,Gradient,fade,noun
层次,Layered,complex,noun
复杂,Complex,rich,noun
多维,Multi,dimensional,verb
易碎脆,Brittle,,adjective
啾啾声短促高音,Chirp,,verb
潮湿闷,Damp,,noun
空旷,Empty,,adjective
脉冲搏动,Pulsing,,verb
有力冲击感强,Punchy,,verb
闪烁微光感,Shimmer,,adjective
缓慢,Slow,,adjective
空间感迷幻,Spacey,,noun
吱吱作响,Squeaky,,adjective
颤音,Tremolo,,noun
湿润,Wet,,noun
宽广,Wide,,noun
强调音,Accent,cinematic dramatic,adjective
大气,Atmosphere,cinematic dramatic,noun
起音,Attack,cinematic dramatic,adjective
衬底,Bed,cinematic dramatic,noun
情绪推进,Build,up cinematic dramatic,noun
洞穴感,Cavernous,cinematic dramatic,noun
高潮,Climax,cinematic dramatic,verb
音簇,Cluster,cinematic dramatic,adjective
渐强,Crescendo,cinematic dramatic,noun
不协和,Discordant,cinematic dramatic,noun
失真,Distortion,cinematic dramatic,verb
下降音,Downer,cinematic dramatic,verb
演变,Evolution,cinematic dramatic,noun
淡入,Fade,In cinematic dramatic,adjective
反馈,Feedback,cinematic dramatic,adjective
过滤,Filter,cinematic dramatic,noun
终章,Finale,cinematic dramatic,verb
镶边,Flanger,cinematic dramatic,noun
频率,Frequency,cinematic dramatic,adjective
颗粒,Grain,cinematic dramatic,noun
前奏,Intro,cinematic dramatic,noun
层叠,Layer,cinematic dramatic,noun
调制,Modulation,cinematic dramatic,adjective
单次触发,One,shot cinematic dramatic,adjective
尾声,Outro,cinematic dramatic,noun
音高,Pitch,cinematic dramatic,verb
经过处理,Processed,cinematic dramatic,verb
上升,Rise,cinematic dramatic,verb
上升音效,Riser,cinematic dramatic,verb
序列,Sequence,cinematic dramatic,noun
冲击波,Shockwave,cinematic dramatic,verb
静音,Silence,cinematic dramatic,adjective
简单,Simple,cinematic dramatic,adjective
跨度,Span,cinematic dramatic,noun
刺点,Stinger,cinematic dramatic,noun
超低音,Sub,cinematic dramatic,noun
回吸音,Suckback,cinematic dramatic,adjective
扫频,Sweep,cinematic dramatic,adjective
膨胀,Swell,cinematic dramatic,verb
同步,Sync,cinematic dramatic,adjective
尾音,Tail,cinematic dramatic,noun
质感,Texture,cinematic dramatic,noun
音色,Timbre,cinematic dramatic,noun
预告片,Trailer,cinematic dramatic,noun
变形,Transform,cinematic dramatic,verb
转场,Transition,cinematic dramatic,verb
背景配乐,Underscore,cinematic dramatic,adjective
力度,Velocity,cinematic dramatic,verb
呼啸撞击,Whooshbang,cinematic dramatic,verb
衰减,Attenuate,professional studio,noun
自动化,Automation,professional studio,noun
带宽,Bandwidth,professional studio,noun
提升,Boost,professional studio,noun
旁通,Bypass,professional studio,noun
削波,Clipping,professional studio,noun
拼接(人声),Comping,professional studio,noun
压缩,Compression,professional studio,noun
交叉淡化,Crossfade,professional studio,noun
阻尼,Damping,professional studio,noun
扩散,Diffusion,professional studio,noun
抖动(降位深),Dither,professional studio,noun
闪避,Ducking,professional studio,noun
均衡器,Equalizer,professional studio,noun
激励器,Exciter,professional studio,noun
扩展器,Expander,professional studio,noun
推子,Fader,professional studio,noun
增益,Gain,professional studio,noun
门限,Gate,professional studio,noun
动态余量,Headroom,professional studio,noun
脉冲响应,Impulse,professional studio,noun
隔离,Isolation,professional studio,noun
延迟,Latency,professional studio,noun
分层,Layering,professional studio,noun
限制器,Limiter,professional studio,noun
循环,Looping,professional studio,noun
掩蔽效应,Masking,professional studio,noun
母带处理,Mastering,professional studio,noun
混音,Mixing,professional studio,noun
单声道,Mono,professional studio,noun
静音,Mute,professional studio,noun
归一化,Normalize,professional studio,noun
并行处理,Parallel,professional studio,noun
参量(EQ),Parametric,professional studio,noun
移相器,Phaser,professional studio,noun
极性,Polarity,professional studio,noun
量化,Quantize,professional studio,noun
比率,Ratio,professional studio,noun
混响,Reverb,professional studio,noun
采样率,Sample,Rate professional studio,noun
饱和度,Saturation,professional studio,noun
发送,Send,professional studio,noun
侧链,Sidechain,professional studio,noun
信号流,Signal,Flow professional studio,noun
独奏,Solo,professional studio,noun
频谱,Spectrum,professional studio,noun
立体声,Stereo,professional studio,noun
阈值,Threshold,professional studio,noun
瞬态,Transient,professional studio,noun
微调,Trim,professional studio,noun
颤音,Vibrato,professional studio,noun
宽度(立体声),Width,professional studio,noun
布拉姆音效(盗梦空间号角声),Braaam,cinematic dramatic serious,noun
结尾,Ending,cinematic dramatic serious,verb
填充音,Fill,cinematic dramatic serious,noun
Logo展示音,Logo,cinematic dramatic serious,noun
乐句,Phrase,cinematic dramatic serious,adjective
配乐,Score,cinematic dramatic serious,adjective
标题音效,Title,cinematic dramatic serious,adjective
合唱(诡异),Choir,dark horror serious,noun
教堂,Church,dark horror serious,noun
医院(废弃),Hospital,dark horror serious,noun
吓人,Scary,dark horror tense,adjective
愤怒,Angry,emotional mood,adjective
危险,Danger,emotional mood,adjective
压抑,Depressing,emotional mood,adjective
情绪化,Emotional,emotional mood,adjective
兴奋,Exciting,emotional mood,verb
未来感,Futuristic,emotional mood,noun
阴沉,Gloomy,emotional mood,adjective
历史感,Historical,emotional mood,noun
孤独,Lonely,emotional mood,adjective
忧郁,Melancholic,emotional mood,adjective
军事,Military,emotional mood,verb
神秘,Mysterious,emotional mood,adjective
悲伤,Sad,emotional mood,adjective
严肃,Serious,emotional mood,adjective
幽灵般,Spooky,emotional mood,adjective
悬疑,Suspenseful,emotional mood,adjective
威胁,Threatening,emotional mood,adjective
悲剧,Tragic,emotional mood,adjective
阻尼,Dampened,acoustic natural,noun
经过均衡处理,EQed,acoustic natural,adjective
滤波,Filtered,acoustic natural,verb
硬,Hard,acoustic natural,adjective
不和谐,Inharmonic,acoustic natural,adjective
响亮,Loud,acoustic natural,adjective
调制感,Modulated,acoustic natural,adjective
静音,Muted,acoustic natural,noun
隆隆作响,Rumbly,acoustic natural,noun
寂静,Silent,acoustic natural,adjective
高频,Treble,acoustic natural,noun
震动,Vibrating,acoustic natural,verb
电子水泡音,Bloop,glitchy digital fun,noun
咔嗒(鼠标,Click,glitchy digital fun,verb
滴答(钟表),Tick,glitchy digital fun,verb
嗒(钟表),Tock,glitchy digital fun,verb
呻吟(物体受压),Groan,harsh weird fun,adjective
刺耳刮擦声,Rasp,harsh weird fun,noun
吱吱声,Squeak,harsh weird fun,adjective
密集,Dense,texture quality,verb
回声,Echo,texture quality,noun
小浴室,Small,Bathroom close ceramic tile cold,noun
洗手间,Restroom,close tile metallic cold,noun
厨房,Kitchen,close metallic hard cold,noun
手术室,Surgical,Room close sterile metallic cold,noun
诊所,Clinic,close clinical sterile cold,noun
通风管道,Ventilation,Shaft close metallic industrial cold,noun
电梯内,Elevator,Interior close metallic confined cold,noun
锅炉房,Boiler,Room close metallic loud cold,noun
机房,Server,Room close metallic humming cold,noun
设备间,Equipment,Room close metallic industrial cold,noun
停车库,Parking,Garage close concrete echo cold,noun
隧道,Tunnel,close metallic echoing cold,noun
地下通道,Underpass,close concrete metallic cold,verb
不锈钢,Stainless,Steel close metallic bright cold,adjective
铁,Iron,close metallic hard cold,noun
花岗岩,Granite,close hard cold reflective stone,noun
反射,Reflective,close hard cold bright,adjective
梳状滤波,Comb,Filtering close metallic reflective cold,adjective
自动扶梯,Escalator,close metallic mechanical cold,verb
旋转门,Revolving,Door close metallic mechanical cold,verb
暖通空调,HVAC,close metallic humming cold,noun
井盖,Manhole,Cover close metallic cold industrial,noun
自动售货机,Vending,Machine close metallic humming cold,noun
ATM机,ATM,close metallic beeping cold,adjective
打印机,Printer,close metallic office cold,noun
复印机,Photocopier,close metallic office cold,adjective
碎纸机,Shredder,close metallic office cold,noun
打字机,Typewriter,close metallic clicking cold,noun
文件柜,Filing,Cabinet close metallic office cold,noun
礼拜堂,Chapel,distant stone reverb cold,noun
修道院,Monastery,distant stone reverb cold,adjective
寺庙,Temple,distant stone reverb cold,noun
清真寺,Mosque,distant dome reverb cold,noun
冰川洞穴,Glacier,Cavern distant frozen echo cold vast,noun
采石场,Quarry,distant vast stone echo cold,noun
城堡大厅,Castle,Hall distant vast stone reverb cold,noun
宫殿,Palace,distant vast marble reverb cold,noun
长廊,Long,Corridor distant stone echo cold,adjective
废弃工厂,Abandoned,Factory distant vast metallic echo cold,adjective
飞机库,Hangar,distant vast metallic echo cold,noun
体育馆,Stadium,distant vast echo cold hard concrete reflective,noun
竞技场,Arena,distant vast echo cold,noun
音乐厅,Concert,Hall distant vast reverb cold,noun
剧院,Theater,distant vast reverb cold,verb
歌剧院,Opera,House distant vast reverb cold,noun
延迟,Delay,distant echo cold,noun
回拍延迟,Slapback,Delay distant bright echo cold,verb
多重回声,Multiple,Echoes distant vast cold,verb
山脉,Mountains,distant vast cold echo,noun
悬崖,Cliff,distant vast cold echo,noun
录音棚,Recording,Booth close dry warm anechoic,noun
配音间,Voice,Over Booth close dry warm intimate,adjective
吸音室,Absorptive,Room close warm muffled,noun
控制室,Control,Room close dry warm,noun
原木小屋,Log,Cabin close warm soft cozy,noun
阁楼,Attic,close warm soft muffled,noun
衣柜,Closet,close warm muffled fabric,noun
储藏室,Storage,Room close warm muffled,noun
起居室,Living,Room close warm soft cozy,noun
书房,Study,close warm quiet soft,verb
图书馆,Library,close warm quiet soft,noun
咖啡馆,Cafe,close warm soft ambient,noun
地毯,Carpet,close warm soft muffled,noun
毛毯,Blanket,close warm soft muffled cozy,noun
被子,Duvet,close warm soft muffled cozy,noun
枕头,Pillow,close warm soft muffled cozy,adjective
沙发,Couch,close warm soft cushioned,noun
软垫,Cushion,close warm soft muffled,adjective
泡沫,Foam,close warm soft absorptive,noun
低语,Murmur,close intimate warm soft,adjective
无混响,No,Reverb close dry warm dead,noun
吸音,Absorbent,close warm muffled,adjective
隔离,Isolated,close warm dry quiet,adjective
无反射,Non,Reflective close warm absorptive,adjective
窗帘,Curtain,close warm soft muffled fabric,noun
帷幔,Drapes,close warm soft muffled heavy,noun
床垫,Mattress,close warm soft cozy,noun
地毯(块),Rug,close warm soft muffled,noun
挂毯,Tapestry,close warm soft muffled fabric,noun
湖底,Lake,Bottom distant muffled warm dark,noun
湿地,Wetland,distant muffled warm diffused,noun
沼泽地,Marsh,distant muffled warm murky,noun
热带雨林,Rainforest,distant warm absorbed dark,noun
树林,Woods,distant warm soft absorbed,noun
树冠下,Under,Canopy distant warm absorbed dark,noun
陵墓,Tomb,distant warm muffled dark,noun
剧场后台,Backstage,distant warm muffled fabric,noun
帐篷内,Inside,Tent distant warm soft muffled,noun
淤泥,Silt,distant muffled warm murky,noun
苔藓,Moss,distant warm soft absorbed,noun
植被,Vegetation,distant warm soft absorbed,noun
帆布,Canvas,distant warm soft muffled,noun
浸没,Submerged,distant muffled warm underwater,noun
沉浸,Immersed,distant muffled warm underwater,adjective
模糊,Blurred,distant muffled warm hazy,adjective
浑浊,Murky,distant muffled warm dark,noun
远方,Far,Away distant muffled warm,noun
隔墙,Through,Wall distant muffled warm,verb
吸收,Absorbed,distant warm soft,verb
衰减,Attenuated,distant muffled warm,noun
中型房间,Medium,Room moderate neutral,noun
办公室,Office,moderate neutral,noun
会议室,Conference,Room moderate neutral,noun
大厅,Lobby,moderate neutral,noun
接待处,Reception,moderate neutral,noun
酒店大堂,Hotel,Lobby moderate neutral,noun
购物中心,Shopping,Mall moderate neutral,noun
特写,Extreme,Close Up close perspective intimate,adjective
背景,Background,distant perspective ambient,noun
前景,Foreground,close perspective,noun
画外,Off,Screen distant perspective,adjective
主观视角,POV,close perspective intimate,noun
双耳录音,Binaural,close perspective spatial,noun
微型,Tiny,close small,adjective
大型,Large,distant,noun
巨型,Huge,distant vast,noun
封闭,Enclosed,close confined,noun
宽敞,Spacious,distant open,adjective
